phage,type,seq_id,position,mutation,frequency,annotation,gene,description
14-1-37-1,"INS","contig00001","631","​+CTGGTGGTCA","1.91315155e-01","coding (313/438 nt)","IGINKLAI_00002 ←","hypothetical protein"
14-1-37-1,"INS","contig00001","13109","​+ACCGACCATG","2.36083187e-01","intergenic (+79/-8)","IGINKLAI_00020 → / → IGINKLAI_00021","hypothetical protein/hypothetical protein"
14-1-37-1,"INS","contig00001","13838","​+CAATGCCGGGAC","2.06165159e-01","coding (722/780 nt)","IGINKLAI_00021 →","hypothetical protein"
14-1-37-1,"SNP","contig00001","17119","A→G","1.03834629e-01","H25R (CAC→CGC)","IGINKLAI_00028 →","hypothetical protein"
14-1-37-1,"SNP","contig00001","17227","T→C","5.40785789e-02","V61A (GTC→GCC)","IGINKLAI_00028 →","hypothetical protein"
14-1-37-1,"INS","contig00001","25426","​+GAAGTCGGT","9.72423771e-02","coding (1183/1749 nt)","IGINKLAI_00044 ←","DNA primase"
14-1-37-1,"INS","contig00001","26811","​+AGAAGCAC","1.85384165e-01","coding (131/186 nt)","IGINKLAI_00045 ←","hypothetical protein"
14-1-37-1,"INS","contig00001","28828","​+CGCA","5.36496451e-02","coding (970/1305 nt)","IGINKLAI_00048 ←","hypothetical protein"
14-1-37-1,"INS","contig00001","32640","​+AGGCCA","5.91803769e-02","coding (121/885 nt)","IGINKLAI_00052 →","hypothetical protein"
14-1-37-1,"SNP","contig00001","34549","A→G","6.23970032e-02","intergenic (+39/-49)","IGINKLAI_00053 → / → IGINKLAI_00054","hypothetical protein/hypothetical protein"
14-1-37-1,"SNP","contig00001","34551","A→G","7.27272034e-02","intergenic (+41/-47)","IGINKLAI_00053 → / → IGINKLAI_00054","hypothetical protein/hypothetical protein"
14-1-37-1,"INS","contig00001","35667","​+CCTGGC","1.00845018e-01","coding (149/207 nt)","IGINKLAI_00058 →","hypothetical protein"
14-1-37-1,"INS","contig00001","37459","​+CCGAAGACCCGA","2.14895411e-01","coding (622/1017 nt)","IGINKLAI_00061 →","polynucleotide kinase/phosphorylase"
14-1-37-1,"INS","contig00001","40959","​+TGAAGGCCGATC","2.56149963e-01","coding (2476/3108 nt)","IGINKLAI_00063 →","DNA polymerase"
14-1-37-1,"INS","contig00001","44583","​+CGAAGGCG","1.40450263e-01","coding (230/900 nt)","IGINKLAI_00067 →","hypothetical protein"
14-1-37-1,"INS","contig00001","45233","​+CCGAAG","1.49679715e-01","coding (880/900 nt)","IGINKLAI_00067 →","hypothetical protein"
14-1-37-1,"INS","contig00001","50087","​+GCCGAGCGACCA","1.94645435e-01","coding (1879/2889 nt)","IGINKLAI_00074 ←","tail protein"
14-1-37-1,"INS","contig00001","52807","​+CGGCCGCTCG","1.45891294e-01","coding (678/1515 nt)","IGINKLAI_00075 ←","hypothetical protein"
14-1-37-1,"INS","contig00001","53345","​+CCCAGTTGG","1.77641659e-01","coding (140/1515 nt)","IGINKLAI_00075 ←","hypothetical protein"
14-1-37-1,"INS","contig00001","53563","​+CCGGAG","1.47431105e-01","coding (1172/1254 nt)","IGINKLAI_00076 ←","baseplate wedge subunit"
14-1-37-1,"INS","contig00001","58049","​+CTGCCTTGCG","1.11616823e-01","coding (1442/2583 nt)","IGINKLAI_00080 ←","lytic tail protein"
14-1-37-1,"INS","contig00001","58226","​+CCGCCCATG","1.67439775e-01","coding (1265/2583 nt)","IGINKLAI_00080 ←","lytic tail protein"
14-1-37-1,"INS","contig00001","64565","​+GCGTTG","1.06186624e-01","coding (147/1515 nt)","IGINKLAI_00089 ←","tail sheath"
14-1-37-1,"INS","contig00001","64658","​+GCGCCT","7.37796974e-02","coding (54/1515 nt)","IGINKLAI_00089 ←","tail sheath"
14-1-37-2,"INS","contig00001","2705","​+CGGTGG","1.26896595e-01","coding (134/636 nt)","IGINKLAI_00004 ←","virion structural protein"
14-1-37-2,"INS","contig00001","3232","​+CTGCT","1.34642360e-01","coding (1044/1434 nt)","IGINKLAI_00005 ←","head maturation protease"
14-1-37-2,"INS","contig00001","3490","​+TGCTCGGTCAGG","1.96156230e-01","coding (786/1434 nt)","IGINKLAI_00005 ←","head maturation protease"
14-1-37-2,"INS","contig00001","12202","​+CTCGGCTTGC","9.90146681e-02","coding (215/588 nt)","IGINKLAI_00019 →","hypothetical protein"
14-1-37-2,"INS","contig00001","13109","​+ACCGACCATG","2.31619524e-01","intergenic (+79/-8)","IGINKLAI_00020 → / → IGINKLAI_00021","hypothetical protein/hypothetical protein"
14-1-37-2,"DEL","contig00001","17115","Δ3664 bp","1","","[IGINKLAI_00028]–IGINKLAI_00037","[IGINKLAI_00028], IGINKLAI_00029, IGINKLAI_00030, IGINKLAI_00031, IGINKLAI_00032, IGINKLAI_00033, IGINKLAI_00034, IGINKLAI_00035, IGINKLAI_00036, IGINKLAI_00037"
14-1-37-2,"INS","contig00001","24893","​+GCCCGGACT","8.75405199e-02","coding (1716/1749 nt)","IGINKLAI_00044 ←","DNA primase"
14-1-37-2,"INS","contig00001","29319","​+AGCTCGCGGCC","1.79996299e-01","coding (479/1305 nt)","IGINKLAI_00048 ←","hypothetical protein"
14-1-37-2,"INS","contig00001","39043","​+TCGCCACA","1.10102304e-01","coding (560/3108 nt)","IGINKLAI_00063 →","DNA polymerase"
14-1-37-2,"SNP","contig00001","39346","C→T","5.04045486e-02","A288V (GCC→GTC)","IGINKLAI_00063 →","DNA polymerase"
14-1-37-2,"INS","contig00001","44583","​+CGAAGGCG","1.21315561e-01","coding (230/900 nt)","IGINKLAI_00067 →","hypothetical protein"
14-1-37-2,"INS","contig00001","53345","​+CCCAGTTGG","1.63839737e-01","coding (140/1515 nt)","IGINKLAI_00075 ←","hypothetical protein"
14-1-37-2,"INS","contig00001","53563","​+CCGGAG","1.52747203e-01","coding (1172/1254 nt)","IGINKLAI_00076 ←","baseplate wedge subunit"
14-1-37-2,"INS","contig00001","54322","​+CAC","1.48305065e-01","coding (413/1254 nt)","IGINKLAI_00076 ←","baseplate wedge subunit"
14-1-37-2,"INS","contig00001","54739","​+CCC","9.49736433e-02","intergenic (-5/+52)","IGINKLAI_00076 ← / ← IGINKLAI_00077","baseplate wedge subunit/baseplate spike"
14-1-37-2,"INS","contig00001","58226","​+CCGCCCATG","1.67646332e-01","coding (1265/2583 nt)","IGINKLAI_00080 ←","lytic tail protein"
14-1-37-2,"INS","contig00001","59949","​+GCGATTATATA","1.67510897e-01","coding (577/594 nt)","IGINKLAI_00082 ←","tail fiber protein"
14-1-37-2,"INS","contig00001","61258","​+AAGAGTTGCAAC","2.62537228e-01","coding (319/504 nt)","IGINKLAI_00084 ←","tail fiber protein"
14-1-37-2,"INS","contig00001","63480","​+TCGCC","6.93033137e-02","coding (1232/1515 nt)","IGINKLAI_00089 ←","tail sheath"
14-1-37-2,"INS","contig00001","64565","​+GCGTTG","8.95984391e-02","coding (147/1515 nt)","IGINKLAI_00089 ←","tail sheath"
14-1-37-3,"SNP","contig00001","17119","A→G","5.11832237e-02","H25R (CAC→CGC)","IGINKLAI_00028 →","hypothetical protein"
14-1-37-3,"SNP","contig00001","18615","G→A","5.35941124e-02","G9D (GGC→GAC)","IGINKLAI_00031 →","hypothetical protein"
14-1-37-3,"INS","contig00001","24893","​+GCCCGGACT","7.85422503e-02","coding (1716/1749 nt)","IGINKLAI_00044 ←","DNA primase"
14-1-37-3,"INS","contig00001","29193","​+ACCCTTCGTGC","1.72191359e-01","coding (605/1305 nt)","IGINKLAI_00048 ←","hypothetical protein"
14-1-37-3,"INS","contig00001","32991","​+AGGAAGAGC","2.29377017e-01","coding (472/885 nt)","IGINKLAI_00052 →","hypothetical protein"
14-1-37-3,"INS","contig00001","33857","​+AGCTGGTCGCTA","1.27144230e-01","coding (349/1002 nt)","IGINKLAI_00053 →","hypothetical protein"
14-1-37-3,"INS","contig00001","34783","​+GGTGCGGTTT","1.17942455e-01","coding (186/231 nt)","IGINKLAI_00054 →","hypothetical protein"
14-1-37-3,"INS","contig00001","44665","​+GCCGCGTACC","1.23110129e-01","coding (312/900 nt)","IGINKLAI_00067 →","hypothetical protein"
14-1-37-3,"INS","contig00001","60764","​+CAT","6.76918469e-02","coding (310/540 nt)","IGINKLAI_00083 ←","tail fiber protein"
14-1-37-4,"INS","contig00001","6005","​+TGG","1.14673566e-01","coding (2279/2298 nt)","IGINKLAI_00009 ←","minor head protein"
14-1-37-4,"INS","contig00001","13838","​+CAATGCCGGGAC","1.87972903e-01","coding (722/780 nt)","IGINKLAI_00021 →","hypothetical protein"
14-1-37-4,"SNP","contig00001","17119","A→G","1.75675869e-01","H25R (CAC→CGC)","IGINKLAI_00028 →","hypothetical protein"
14-1-37-4,"INS","contig00001","28828","​+CGCA","5.06214822e-02","coding (970/1305 nt)","IGINKLAI_00048 ←","hypothetical protein"
14-1-37-4,"SNP","contig00001","34549","A→G","6.27770424e-02","intergenic (+39/-49)","IGINKLAI_00053 → / → IGINKLAI_00054","hypothetical protein/hypothetical protein"
14-1-37-4,"SNP","contig00001","34551","A→G","7.18984604e-02","intergenic (+41/-47)","IGINKLAI_00053 → / → IGINKLAI_00054","hypothetical protein/hypothetical protein"
14-1-37-4,"INS","contig00001","35667","​+CCTGGC","8.80309043e-02","coding (149/207 nt)","IGINKLAI_00058 →","hypothetical protein"
14-1-37-4,"INS","contig00001","53563","​+CCGGAG","1.07804237e-01","coding (1172/1254 nt)","IGINKLAI_00076 ←","baseplate wedge subunit"
14-1-37-4,"INS","contig00001","54739","​+CCC","1.00997754e-01","intergenic (-5/+52)","IGINKLAI_00076 ← / ← IGINKLAI_00077","baseplate wedge subunit/baseplate spike"
14-1-37-4,"INS","contig00001","58049","​+CTGCCTTGCG","7.66557069e-02","coding (1442/2583 nt)","IGINKLAI_00080 ←","lytic tail protein"
14-1-37-5,"INS","contig00001","24139","​+TGGCGGGAGACGA","1.71882452e-01","intergenic (-243/+721)","IGINKLAI_00043 ← / ← IGINKLAI_00044","hypothetical protein/DNA primase"
14-1-37-5,"INS","contig00001","24893","​+GCCCGGACT","7.09893208e-02","coding (1716/1749 nt)","IGINKLAI_00044 ←","DNA primase"
14-1-37-5,"INS","contig00001","32640","​+AGGCCA","2.02598692e-01","coding (121/885 nt)","IGINKLAI_00052 →","hypothetical protein"
14-1-37-5,"SNP","contig00001","32862","G→C","8.15005302e-02","A115P (GCC→CCC)","IGINKLAI_00052 →","hypothetical protein"
14-1-37-5,"SNP","contig00001","32894","G→C","1.09991550e-01","K125N (AAG→AAC)","IGINKLAI_00052 →","hypothetical protein"
14-1-37-5,"INS","contig00001","41870","​+GCT","1.20630491e-01","coding (287/411 nt)","IGINKLAI_00064 →","DNA helicase"
14-1-37-5,"INS","contig00001","46333","​+CTACGCTGCTGC","1.48038638e-01","coding (425/555 nt)","IGINKLAI_00069 →","MazG-like pyrophosphatase"
14-1-37-5,"INS","contig00001","50087","​+GCCGAGCGACCA","1.61487526e-01","coding (1879/2889 nt)","IGINKLAI_00074 ←","tail protein"
14-1-37-5,"INS","contig00001","54739","​+CCC","9.43976444e-02","intergenic (-5/+52)","IGINKLAI_00076 ← / ← IGINKLAI_00077","baseplate wedge subunit/baseplate spike"
14-1-37-5,"INS","contig00001","64565","​+GCGTTG","1.07568857e-01","coding (147/1515 nt)","IGINKLAI_00089 ←","tail sheath"
14-1-37-6,"INS","contig00001","13109","​+ACCGACCATG","1.98298987e-01","intergenic (+79/-8)","IGINKLAI_00020 → / → IGINKLAI_00021","hypothetical protein/hypothetical protein"
14-1-37-6,"SNP","contig00001","17245","A→G","5.63678741e-02","D67G (GAC→GGC)","IGINKLAI_00028 →","hypothetical protein"
14-1-37-6,"INS","contig00001","22710","​+AGGAAGAGGCCTTCC","2.37736522e-01","coding (163/612 nt)","IGINKLAI_00042 →","hypothetical protein"
14-1-37-6,"INS","contig00001","22860","​+GCGAAGAG","1.60729695e-01","coding (313/612 nt)","IGINKLAI_00042 →","hypothetical protein"
14-1-37-6,"INS","contig00001","24158","​+TGAGTGTTTGGGT","1.92128156e-01","intergenic (-262/+702)","IGINKLAI_00043 ← / ← IGINKLAI_00044","hypothetical protein/DNA primase"
14-1-37-6,"INS","contig00001","24893","​+GCCCGGACT","1.02511769e-01","coding (1716/1749 nt)","IGINKLAI_00044 ←","DNA primase"
14-1-37-6,"INS","contig00001","25236","​+TGATCAGAACAT","3.13289561e-01","coding (1373/1749 nt)","IGINKLAI_00044 ←","DNA primase"
14-1-37-6,"INS","contig00001","28828","​+CGCA","5.66826591e-02","coding (970/1305 nt)","IGINKLAI_00048 ←","hypothetical protein"
14-1-37-6,"INS","contig00001","32747","​+GCC","6.61159295e-02","coding (228/885 nt)","IGINKLAI_00052 →","hypothetical protein"
14-1-37-6,"SNP","contig00001","34549","A→G","6.07476234e-02","intergenic (+39/-49)","IGINKLAI_00053 → / → IGINKLAI_00054","hypothetical protein/hypothetical protein"
14-1-37-6,"SNP","contig00001","34551","A→G","6.50739670e-02","intergenic (+41/-47)","IGINKLAI_00053 → / → IGINKLAI_00054","hypothetical protein/hypothetical protein"
14-1-37-6,"INS","contig00001","41870","​+GCT","7.66594863e-02","coding (287/411 nt)","IGINKLAI_00064 →","DNA helicase"
14-1-37-6,"INS","contig00001","42343","​+TCTTCGCG","1.32614081e-01","coding (353/1560 nt)","IGINKLAI_00065 →","DNA helicase"
14-1-37-6,"INS","contig00001","48135","​+CAGAAGAACCAGG","2.49109479e-01","coding (513/663 nt)","IGINKLAI_00072 ←","endolysin"
14-1-37-6,"INS","contig00001","53563","​+CCGGAG","1.02036770e-01","coding (1172/1254 nt)","IGINKLAI_00076 ←","baseplate wedge subunit"
14-1-37-6,"INS","contig00001","54739","​+CCC","1.15437917e-01","intergenic (-5/+52)","IGINKLAI_00076 ← / ← IGINKLAI_00077","baseplate wedge subunit/baseplate spike"
14-1-37-6,"INS","contig00001","64565","​+GCGTTG","1.02678939e-01","coding (147/1515 nt)","IGINKLAI_00089 ←","tail sheath"
14-1-37-C-1,"INS","contig00001","12202","​+CTCGGCTTGC","9.66915531e-02","coding (215/588 nt)","IGINKLAI_00019 →","hypothetical protein"
14-1-37-C-1,"INS","contig00001","24893","​+GCCCGGACT","2.00177469e-01","coding (1716/1749 nt)","IGINKLAI_00044 ←","DNA primase"
14-1-37-C-1,"SNP","contig00001","47955","G→T","2.59868145e-01","E83* (GAA→TAA)‡","IGINKLAI_00071 →","hypothetical protein"
14-1-37-C-1,"SNP","contig00001","47957","A→T","2.49760151e-01","E83D (GAA→GAT)‡","IGINKLAI_00071 →","hypothetical protein"
14-1-37-C-1,"SNP","contig00001","47959","A→C","2.62712002e-01","*84S (TAA→TCA)","IGINKLAI_00071 →","hypothetical protein"
14-1-37-C-1,"INS","contig00001","54739","​+CCC","1.11787459e-01","intergenic (-5/+52)","IGINKLAI_00076 ← / ← IGINKLAI_00077","baseplate wedge subunit/baseplate spike"
14-1-37-C-1,"INS","contig00001","58226","​+CCGCCCATG","1.35410461e-01","coding (1265/2583 nt)","IGINKLAI_00080 ←","lytic tail protein"
14-1-37-C-2,"INS","contig00001","24893","​+GCCCGGACT","7.97000399e-02","coding (1716/1749 nt)","IGINKLAI_00044 ←","DNA primase"
14-1-37-C-2,"SNP","contig00001","34551","A→G","5.25083542e-02","intergenic (+41/-47)","IGINKLAI_00053 → / → IGINKLAI_00054","hypothetical protein/hypothetical protein"
14-1-37-C-2,"SNP","contig00001","47955","G→T","2.68996716e-01","E83* (GAA→TAA)‡","IGINKLAI_00071 →","hypothetical protein"
14-1-37-C-2,"SNP","contig00001","47957","A→T","2.59354591e-01","E83D (GAA→GAT)‡","IGINKLAI_00071 →","hypothetical protein"
14-1-37-C-2,"SNP","contig00001","47959","A→C","2.62380123e-01","*84S (TAA→TCA)","IGINKLAI_00071 →","hypothetical protein"
14-1-37-C-2,"INS","contig00001","54739","​+CCC","8.63602684e-02","intergenic (-5/+52)","IGINKLAI_00076 ← / ← IGINKLAI_00077","baseplate wedge subunit/baseplate spike"
14-1-37-C-3,"INS","contig00001","3635","​+CAG","6.92627691e-02","coding (641/1434 nt)","IGINKLAI_00005 ←","head maturation protease"
14-1-37-C-3,"INS","contig00001","18023","​+AGC","7.79496909e-02","coding (629/918 nt)","IGINKLAI_00029 →","hypothetical protein"
14-1-37-C-3,"SNP","contig00001","34549","A→G","5.02734184e-02","intergenic (+39/-49)","IGINKLAI_00053 → / → IGINKLAI_00054","hypothetical protein/hypothetical protein"
14-1-37-C-3,"SNP","contig00001","34551","A→G","6.28471375e-02","intergenic (+41/-47)","IGINKLAI_00053 → / → IGINKLAI_00054","hypothetical protein/hypothetical protein"
14-1-37-C-3,"SNP","contig00001","47955","G→T","2.56231785e-01","E83* (GAA→TAA)‡","IGINKLAI_00071 →","hypothetical protein"
14-1-37-C-3,"SNP","contig00001","47957","A→T","2.47855186e-01","E83D (GAA→GAT)‡","IGINKLAI_00071 →","hypothetical protein"
14-1-37-C-3,"SNP","contig00001","47959","A→C","2.55783081e-01","*84S (TAA→TCA)","IGINKLAI_00071 →","hypothetical protein"
14-1-37-C-3,"INS","contig00001","54739","​+CCC","9.69467592e-02","intergenic (-5/+52)","IGINKLAI_00076 ← / ← IGINKLAI_00077","baseplate wedge subunit/baseplate spike"
14-1-37-C-4,"INS","contig00001","2418","​+GTCCAG","1.78992046e-01","coding (421/636 nt)","IGINKLAI_00004 ←","virion structural protein"
14-1-37-C-4,"INS","contig00001","3635","​+CAG","8.43337864e-02","coding (641/1434 nt)","IGINKLAI_00005 ←","head maturation protease"
14-1-37-C-4,"INS","contig00001","6005","​+TGG","1.17325334e-01","coding (2279/2298 nt)","IGINKLAI_00009 ←","minor head protein"
14-1-37-C-4,"INS","contig00001","11484","​+GCT","6.23724647e-02","coding (531/933 nt)","IGINKLAI_00017 →","hypothetical protein"
14-1-37-C-4,"INS","contig00001","12560","​+CCAT","8.89865502e-02","coding (573/588 nt)","IGINKLAI_00019 →","hypothetical protein"
14-1-37-C-4,"INS","contig00001","17939","​+GCTGGA","1.19338627e-01","coding (545/918 nt)","IGINKLAI_00029 →","hypothetical protein"
14-1-37-C-4,"INS","contig00001","18023","​+AGC","8.61573855e-02","coding (629/918 nt)","IGINKLAI_00029 →","hypothetical protein"
14-1-37-C-4,"INS","contig00001","23423","​+GCA","6.54992126e-02","coding (474/570 nt)","IGINKLAI_00043 ←","hypothetical protein"
14-1-37-C-4,"INS","contig00001","26174","​+TTG","1.52120650e-01","coding (435/1749 nt)","IGINKLAI_00044 ←","DNA primase"
14-1-37-C-4,"SNP","contig00001","34549","A→G","5.44476509e-02","intergenic (+39/-49)","IGINKLAI_00053 → / → IGINKLAI_00054","hypothetical protein/hypothetical protein"
14-1-37-C-4,"SNP","contig00001","34551","A→G","5.28039932e-02","intergenic (+41/-47)","IGINKLAI_00053 → / → IGINKLAI_00054","hypothetical protein/hypothetical protein"
14-1-37-C-4,"INS","contig00001","40883","​+GCT","5.09022178e-02","coding (2400/3108 nt)","IGINKLAI_00063 →","DNA polymerase"
14-1-37-C-4,"INS","contig00001","41625","​+CGCT","6.74298411e-02","coding (42/411 nt)","IGINKLAI_00064 →","DNA helicase"
14-1-37-C-4,"INS","contig00001","44871","​+CGTCAT","1.36662384e-01","coding (518/900 nt)","IGINKLAI_00067 →","hypothetical protein"
14-1-37-C-4,"SNP","contig00001","47955","G→T","2.46091366e-01","E83* (GAA→TAA)‡","IGINKLAI_00071 →","hypothetical protein"
14-1-37-C-4,"SNP","contig00001","47957","A→T","2.38288403e-01","E83D (GAA→GAT)‡","IGINKLAI_00071 →","hypothetical protein"
14-1-37-C-4,"SNP","contig00001","47959","A→C","2.46971607e-01","*84S (TAA→TCA)","IGINKLAI_00071 →","hypothetical protein"
14-1-37-C-4,"INS","contig00001","50260","​+TGTTGCCGG","1.40811424e-01","coding (1706/2889 nt)","IGINKLAI_00074 ←","tail protein"
14-1-37-C-4,"INS","contig00001","54322","​+CAC","1.22680302e-01","coding (413/1254 nt)","IGINKLAI_00076 ←","baseplate wedge subunit"
14-1-37-C-4,"INS","contig00001","54739","​+CCC","9.60001927e-02","intergenic (-5/+52)","IGINKLAI_00076 ← / ← IGINKLAI_00077","baseplate wedge subunit/baseplate spike"
14-1-37-C-5,"INS","contig00001","11484","​+GCT","5.47761075e-02","coding (531/933 nt)","IGINKLAI_00017 →","hypothetical protein"
14-1-37-C-5,"DEL","contig00001","16883","Δ3635 bp","1","","IGINKLAI_00027–IGINKLAI_00036","IGINKLAI_00027, IGINKLAI_00028, IGINKLAI_00029, IGINKLAI_00030, IGINKLAI_00031, IGINKLAI_00032, IGINKLAI_00033, IGINKLAI_00034, IGINKLAI_00035, IGINKLAI_00036"
14-1-37-C-5,"INS","contig00001","23423","​+GCA","5.98885377e-02","coding (474/570 nt)","IGINKLAI_00043 ←","hypothetical protein"
14-1-37-C-5,"INS","contig00001","28828","​+CGCA","6.30170126e-02","coding (970/1305 nt)","IGINKLAI_00048 ←","hypothetical protein"
14-1-37-C-5,"SNP","contig00001","34549","A→G","6.62660599e-02","intergenic (+39/-49)","IGINKLAI_00053 → / → IGINKLAI_00054","hypothetical protein/hypothetical protein"
14-1-37-C-5,"SNP","contig00001","34551","A→G","5.79051971e-02","intergenic (+41/-47)","IGINKLAI_00053 → / → IGINKLAI_00054","hypothetical protein/hypothetical protein"
14-1-37-C-5,"INS","contig00001","37459","​+CCGAAGACCCGA","1.57236073e-01","coding (622/1017 nt)","IGINKLAI_00061 →","polynucleotide kinase/phosphorylase"
14-1-37-C-5,"DEL","contig00001","47943","Δ1 bp","1","coding (235/252 nt)","IGINKLAI_00071 →","hypothetical protein"
14-1-37-C-5,"SNP","contig00001","47955","G→T","2.71943092e-01","E83* (GAA→TAA)‡","IGINKLAI_00071 →","hypothetical protein"
14-1-37-C-5,"SNP","contig00001","47957","A→T","2.67949104e-01","E83D (GAA→GAT)‡","IGINKLAI_00071 →","hypothetical protein"
14-1-37-C-5,"SNP","contig00001","47959","A→C","2.74240017e-01","*84S (TAA→TCA)","IGINKLAI_00071 →","hypothetical protein"
14-1-37-C-5,"INS","contig00001","50260","​+TGTTGCCGG","1.31328727e-01","coding (1706/2889 nt)","IGINKLAI_00074 ←","tail protein"
14-1-37-C-5,"INS","contig00001","59193","​+CTGGTCC","1.45603428e-01","coding (298/2583 nt)","IGINKLAI_00080 ←","lytic tail protein"
14-1-37-C-6,"INS","contig00001","2418","​+GTCCAG","1.62009719e-01","coding (421/636 nt)","IGINKLAI_00004 ←","virion structural protein"
14-1-37-C-6,"DEL","contig00001","17082","Δ4803 bp","1","","[IGINKLAI_00028]–[IGINKLAI_00041]","[IGINKLAI_00028], IGINKLAI_00029, IGINKLAI_00030, IGINKLAI_00031, IGINKLAI_00032, IGINKLAI_00033, IGINKLAI_00034, IGINKLAI_00035, IGINKLAI_00036, IGINKLAI_00037, IGINKLAI_00038, IGINKLAI_00039, IGINKLAI_00040, [IGINKLAI_00041]"
14-1-37-C-6,"INS","contig00001","24893","​+GCCCGGACT","8.45467356e-02","coding (1716/1749 nt)","IGINKLAI_00044 ←","DNA primase"
14-1-37-C-6,"INS","contig00001","28828","​+CGCA","6.32506467e-02","coding (970/1305 nt)","IGINKLAI_00048 ←","hypothetical protein"
14-1-37-C-6,"INS","contig00001","32640","​+AGGCCA","1.87561029e-01","coding (121/885 nt)","IGINKLAI_00052 →","hypothetical protein"
14-1-37-C-6,"SNP","contig00001","47955","G→T","2.30154514e-01","E83* (GAA→TAA)‡","IGINKLAI_00071 →","hypothetical protein"
14-1-37-C-6,"SNP","contig00001","47957","A→T","2.22738266e-01","E83D (GAA→GAT)‡","IGINKLAI_00071 →","hypothetical protein"
14-1-37-C-6,"SNP","contig00001","47959","A→C","2.30093479e-01","*84S (TAA→TCA)","IGINKLAI_00071 →","hypothetical protein"
14-1-37-C-6,"INS","contig00001","54739","​+CCC","1.00318923e-01","intergenic (-5/+52)","IGINKLAI_00076 ← / ← IGINKLAI_00077","baseplate wedge subunit/baseplate spike"
14-1-37-C-6,"INS","contig00001","63520","​+CAGGAACAGGTC","2.47251999e-01","coding (1192/1515 nt)","IGINKLAI_00089 ←","tail sheath"
14-1-42-1,"INS","contig00001","2418","​+GTCCAG","1.27925483e-01","coding (421/636 nt)","IGINKLAI_00004 ←","virion structural protein"
14-1-42-1,"INS","contig00001","3510","​+GTCG","6.81919777e-02","coding (766/1434 nt)","IGINKLAI_00005 ←","head maturation protease"
14-1-42-1,"INS","contig00001","6022","​+GCCA","9.70577837e-02","coding (2262/2298 nt)","IGINKLAI_00009 ←","minor head protein"
14-1-42-1,"INS","contig00001","8479","​+TATCGTACA","1.77424211e-01","coding (17/402 nt)","IGINKLAI_00010 →","hypothetical protein"
14-1-42-1,"INS","contig00001","11190","​+TACAAAGAG","2.85642270e-01","coding (237/933 nt)","IGINKLAI_00017 →","hypothetical protein"
14-1-42-1,"INS","contig00001","17522","​+GATAGCA","1.18699503e-01","coding (128/918 nt)","IGINKLAI_00029 →","hypothetical protein"
14-1-42-1,"INS","contig00001","23362","​+CGGAGA","1.95240733e-01","coding (535/570 nt)","IGINKLAI_00043 ←","hypothetical protein"
14-1-42-1,"INS","contig00001","23423","​+GCA","6.23771157e-02","coding (474/570 nt)","IGINKLAI_00043 ←","hypothetical protein"
14-1-42-1,"INS","contig00001","24408","​+TACCAAAT","1.22810159e-01","intergenic (-512/+452)","IGINKLAI_00043 ← / ← IGINKLAI_00044","hypothetical protein/DNA primase"
14-1-42-1,"INS","contig00001","24893","​+GCCCGGACT","8.54885753e-02","coding (1716/1749 nt)","IGINKLAI_00044 ←","DNA primase"
14-1-42-1,"INS","contig00001","26031","​+TCT","8.65176421e-02","coding (578/1749 nt)","IGINKLAI_00044 ←","DNA primase"
14-1-42-1,"INS","contig00001","29765","​+TGG","8.61433524e-02","coding (33/1305 nt)","IGINKLAI_00048 ←","hypothetical protein"
14-1-42-1,"INS","contig00001","31415","​+AGC","6.08124317e-02","coding (245/1188 nt)","IGINKLAI_00051 →","Dda-like helicase"
14-1-42-1,"INS","contig00001","31490","​+TGAAGA","1.36498581e-01","coding (320/1188 nt)","IGINKLAI_00051 →","Dda-like helicase"
14-1-42-1,"INS","contig00001","32640","​+AGGCCA","1.18607961e-01","coding (121/885 nt)","IGINKLAI_00052 →","hypothetical protein"
14-1-42-1,"SNP","contig00001","33462","T→C","8.55550766e-02","intergenic (+58/-47)","IGINKLAI_00052 → / → IGINKLAI_00053","hypothetical protein/hypothetical protein"
14-1-42-1,"SNP","contig00001","34551","A→G","5.03110886e-02","intergenic (+41/-47)","IGINKLAI_00053 → / → IGINKLAI_00054","hypothetical protein/hypothetical protein"
14-1-42-1,"INS","contig00001","35667","​+CCTGGC","8.29475705e-02","coding (149/207 nt)","IGINKLAI_00058 →","hypothetical protein"
14-1-42-1,"DEL","contig00001","47943","Δ1 bp","1","coding (235/252 nt)","IGINKLAI_00071 →","hypothetical protein"
14-1-42-1,"SNP","contig00001","47955","G→T","1.83237076e-01","E83* (GAA→TAA)‡","IGINKLAI_00071 →","hypothetical protein"
14-1-42-1,"SNP","contig00001","47957","A→T","1.76241398e-01","E83D (GAA→GAT)‡","IGINKLAI_00071 →","hypothetical protein"
14-1-42-1,"SNP","contig00001","47959","A→C","1.80422306e-01","*84S (TAA→TCA)","IGINKLAI_00071 →","hypothetical protein"
14-1-42-1,"INS","contig00001","52658","​+AGAACG","1.41750760e-01","coding (827/1515 nt)","IGINKLAI_00075 ←","hypothetical protein"
14-1-42-1,"INS","contig00001","54739","​+CCC","8.79240341e-02","intergenic (-5/+52)","IGINKLAI_00076 ← / ← IGINKLAI_00077","baseplate wedge subunit/baseplate spike"
14-1-42-1,"SNP","contig00001","63258","G→T","5.41830063e-02","T485K (ACG→AAG)","IGINKLAI_00089 ←","tail sheath"
14-1-42-1,"SNP","contig00001","63330","C→T","4.43175316e-01","C461Y (TGC→TAC)","IGINKLAI_00089 ←","tail sheath"
14-1-42-1,"SNP","contig00001","63478","T→C","3.07570457e-01","T412A (ACC→GCC)","IGINKLAI_00089 ←","tail sheath"
14-1-42-1,"INS","contig00001","64892","​+TGATCTGGAG","2.10918042e-01","coding (417/582 nt)","IGINKLAI_00090 ←","tail completion or Neck1 protein"
14-1-42-2,"INS","contig00001","18098","​+CGAGCTAGAGGC","1.89130424e-01","coding (704/918 nt)","IGINKLAI_00029 →","hypothetical protein"
14-1-42-2,"INS","contig00001","19597","​+CCTGGGGAA","1.49578097e-01","coding (110/645 nt)","IGINKLAI_00035 →","hypothetical protein"
14-1-42-2,"INS","contig00001","19814","​+CTGGAGCGT","1.59608734e-01","coding (327/645 nt)","IGINKLAI_00035 →","hypothetical protein"
14-1-42-2,"INS","contig00001","29193","​+ACCCTTCGTGC","1.52924558e-01","coding (605/1305 nt)","IGINKLAI_00048 ←","hypothetical protein"
14-1-42-2,"SNP","contig00001","34551","A→G","5.19504547e-02","intergenic (+41/-47)","IGINKLAI_00053 → / → IGINKLAI_00054","hypothetical protein/hypothetical protein"
14-1-42-2,"INS","contig00001","43985","​+CTGGAAGTGG","1.55681161e-01","coding (341/621 nt)","IGINKLAI_00066 →","hypothetical protein"
14-1-42-2,"DEL","contig00001","47943","Δ1 bp","1","coding (235/252 nt)","IGINKLAI_00071 →","hypothetical protein"
14-1-42-2,"SNP","contig00001","47955","G→T","1.76776409e-01","E83* (GAA→TAA)‡","IGINKLAI_00071 →","hypothetical protein"
14-1-42-2,"SNP","contig00001","47957","A→T","1.73200607e-01","E83D (GAA→GAT)‡","IGINKLAI_00071 →","hypothetical protein"
14-1-42-2,"SNP","contig00001","47959","A→C","1.75388813e-01","*84S (TAA→TCA)","IGINKLAI_00071 →","hypothetical protein"
14-1-42-2,"INS","contig00001","54739","​+CCC","1.00262004e-01","intergenic (-5/+52)","IGINKLAI_00076 ← / ← IGINKLAI_00077","baseplate wedge subunit/baseplate spike"
14-1-42-2,"SNP","contig00001","63226","A→C","5.41512489e-01","F496V (TTC→GTC)","IGINKLAI_00089 ←","tail sheath"
14-1-42-2,"SNP","contig00001","63330","C→T","3.51322174e-01","C461Y (TGC→TAC)","IGINKLAI_00089 ←","tail sheath"
14-1-42-3,"INS","contig00001","2418","​+GTCCAG","1.62729169e-01","coding (421/636 nt)","IGINKLAI_00004 ←","virion structural protein"
14-1-42-3,"INS","contig00001","9052","​+GGCCGTCCA","8.54818429e-02","coding (158/324 nt)","IGINKLAI_00011 →","hypothetical protein"
14-1-42-3,"INS","contig00001","11036","​+GAAGACCCTG","1.46938523e-01","coding (83/933 nt)","IGINKLAI_00017 →","hypothetical protein"
14-1-42-3,"INS","contig00001","13109","​+ACCGACCATG","1.87262520e-01","intergenic (+79/-8)","IGINKLAI_00020 → / → IGINKLAI_00021","hypothetical protein/hypothetical protein"
14-1-42-3,"INS","contig00001","14073","​+GGTC","8.50269465e-02","coding (175/402 nt)","IGINKLAI_00022 →","hypothetical protein"
14-1-42-3,"INS","contig00001","22860","​+GCGAAGAG","1.70053520e-01","coding (313/612 nt)","IGINKLAI_00042 →","hypothetical protein"
14-1-42-3,"INS","contig00001","24893","​+GCCCGGACT","1.52339835e-01","coding (1716/1749 nt)","IGINKLAI_00044 ←","DNA primase"
14-1-42-3,"INS","contig00001","30919","​+GGTCCT","1.06360024e-01","coding (158/423 nt)","IGINKLAI_00050 →","hypothetical protein"
14-1-42-3,"INS","contig00001","31071","​+CGCAAGGT","1.78668686e-01","coding (310/423 nt)","IGINKLAI_00050 →","hypothetical protein"
14-1-42-3,"INS","contig00001","37330","​+CCGATAGCGACC","2.12584216e-01","coding (493/1017 nt)","IGINKLAI_00061 →","polynucleotide kinase/phosphorylase"
14-1-42-3,"INS","contig00001","41870","​+GCT","7.57014952e-02","coding (287/411 nt)","IGINKLAI_00064 →","DNA helicase"
14-1-42-3,"INS","contig00001","42343","​+TCTTCGCG","1.32229200e-01","coding (353/1560 nt)","IGINKLAI_00065 →","DNA helicase"
14-1-42-3,"DEL","contig00001","47943","Δ1 bp","1","coding (235/252 nt)","IGINKLAI_00071 →","hypothetical protein"
14-1-42-3,"SNP","contig00001","47955","G→T","1.77754879e-01","E83* (GAA→TAA)‡","IGINKLAI_00071 →","hypothetical protein"
14-1-42-3,"SNP","contig00001","47957","A→T","1.73395157e-01","E83D (GAA→GAT)‡","IGINKLAI_00071 →","hypothetical protein"
14-1-42-3,"SNP","contig00001","47959","A→C","1.77799225e-01","*84S (TAA→TCA)","IGINKLAI_00071 →","hypothetical protein"
14-1-42-3,"INS","contig00001","52206","​+CCAGTCG","1.10056313e-01","coding (1279/1515 nt)","IGINKLAI_00075 ←","hypothetical protein"
14-1-42-3,"INS","contig00001","54739","​+CCC","8.89791126e-02","intergenic (-5/+52)","IGINKLAI_00076 ← / ← IGINKLAI_00077","baseplate wedge subunit/baseplate spike"
14-1-42-3,"INS","contig00001","57455","​+TGCGGTCTGGCA","1.27073731e-01","coding (2036/2583 nt)","IGINKLAI_00080 ←","lytic tail protein"
14-1-42-3,"SNP","contig00001","63258","G→T","5.82544327e-01","T485K (ACG→AAG)","IGINKLAI_00089 ←","tail sheath"
14-1-42-3,"SNP","contig00001","63478","T→C","2.44770050e-01","T412A (ACC→GCC)","IGINKLAI_00089 ←","tail sheath"
14-1-42-3,"INS","contig00001","64089","​+CGACGTTGA","1.22961952e-01","coding (623/1515 nt)","IGINKLAI_00089 ←","tail sheath"
14-1-42-3,"INS","contig00001","64565","​+GCGTTG","1.09120294e-01","coding (147/1515 nt)","IGINKLAI_00089 ←","tail sheath"
14-1-42-3,"INS","contig00001","64892","​+TGATCTGGAG","1.58633558e-01","coding (417/582 nt)","IGINKLAI_00090 ←","tail completion or Neck1 protein"
14-1-42-4,"INS","contig00001","12202","​+CTCGGCTTGC","7.82838640e-02","coding (215/588 nt)","IGINKLAI_00019 →","hypothetical protein"
14-1-42-4,"INS","contig00001","13109","​+ACCGACCATG","2.25525531e-01","intergenic (+79/-8)","IGINKLAI_00020 → / → IGINKLAI_00021","hypothetical protein/hypothetical protein"
14-1-42-4,"INS","contig00001","18023","​+AGC","7.48393704e-02","coding (629/918 nt)","IGINKLAI_00029 →","hypothetical protein"
14-1-42-4,"INS","contig00001","18146","​+GGACAGAAGCCT","1.63125868e-01","coding (752/918 nt)","IGINKLAI_00029 →","hypothetical protein"
14-1-42-4,"INS","contig00001","22081","​+GTCGCAGCG","1.36806681e-01","coding (419/696 nt)","IGINKLAI_00041 →","hypothetical protein"
14-1-42-4,"INS","contig00001","24893","​+GCCCGGACT","1.72148464e-01","coding (1716/1749 nt)","IGINKLAI_00044 ←","DNA primase"
14-1-42-4,"INS","contig00001","26811","​+AGAAGCAC","1.21732127e-01","coding (131/186 nt)","IGINKLAI_00045 ←","hypothetical protein"
14-1-42-4,"INS","contig00001","32640","​+AGGCCA","2.01170105e-01","coding (121/885 nt)","IGINKLAI_00052 →","hypothetical protein"
14-1-42-4,"SNP","contig00001","32862","G→C","5.40790558e-02","A115P (GCC→CCC)","IGINKLAI_00052 →","hypothetical protein"
14-1-42-4,"SNP","contig00001","32894","G→C","5.30290604e-02","K125N (AAG→AAC)","IGINKLAI_00052 →","hypothetical protein"
14-1-42-4,"SNP","contig00001","34549","A→G","6.41741753e-02","intergenic (+39/-49)","IGINKLAI_00053 → / → IGINKLAI_00054","hypothetical protein/hypothetical protein"
14-1-42-4,"SNP","contig00001","34551","A→G","7.95154572e-02","intergenic (+41/-47)","IGINKLAI_00053 → / → IGINKLAI_00054","hypothetical protein/hypothetical protein"
14-1-42-4,"INS","contig00001","36423","​+GAAATCCAGCA","1.91425759e-01","coding (699/918 nt)","IGINKLAI_00059 →","FAD-dependent thymidylate synthase"
14-1-42-4,"INS","contig00001","44583","​+CGAAGGCG","1.08763383e-01","coding (230/900 nt)","IGINKLAI_00067 →","hypothetical protein"
14-1-42-4,"INS","contig00001","47741","​+CCAAGAATCAGC","1.78572022e-01","coding (33/252 nt)","IGINKLAI_00071 →","hypothetical protein"
14-1-42-4,"DEL","contig00001","47943","Δ1 bp","1","coding (235/252 nt)","IGINKLAI_00071 →","hypothetical protein"
14-1-42-4,"SNP","contig00001","47955","G→T","2.33389378e-01","E83* (GAA→TAA)‡","IGINKLAI_00071 →","hypothetical protein"
14-1-42-4,"SNP","contig00001","47957","A→T","2.27473259e-01","E83D (GAA→GAT)‡","IGINKLAI_00071 →","hypothetical protein"
14-1-42-4,"SNP","contig00001","47959","A→C","2.32647419e-01","*84S (TAA→TCA)","IGINKLAI_00071 →","hypothetical protein"
14-1-42-4,"INS","contig00001","53563","​+CCGGAG","1.26942912e-01","coding (1172/1254 nt)","IGINKLAI_00076 ←","baseplate wedge subunit"
14-1-42-4,"INS","contig00001","54739","​+CCC","8.38770705e-02","intergenic (-5/+52)","IGINKLAI_00076 ← / ← IGINKLAI_00077","baseplate wedge subunit/baseplate spike"
14-1-42-4,"INS","contig00001","55879","​+CTTCCGGATGGT","1.80430751e-01","coding (167/534 nt)","IGINKLAI_00078 ←","hypothetical protein"
14-1-42-4,"INS","contig00001","58226","​+CCGCCCATG","1.31127725e-01","coding (1265/2583 nt)","IGINKLAI_00080 ←","lytic tail protein"
14-1-42-4,"SNP","contig00001","63226","A→C","5.02954960e-01","F496V (TTC→GTC)","IGINKLAI_00089 ←","tail sheath"
14-1-42-4,"SNP","contig00001","63330","C→T","1.04491234e-01","C461Y (TGC→TAC)","IGINKLAI_00089 ←","tail sheath"
14-1-42-4,"SNP","contig00001","63478","T→C","2.30552673e-01","T412A (ACC→GCC)","IGINKLAI_00089 ←","tail sheath"
14-1-42-5,"INS","contig00001","1490","​+TGCC","6.82496081e-02","coding (704/1149 nt)","IGINKLAI_00003 ←","major head protein"
14-1-42-5,"INS","contig00001","2705","​+CGGTGG","8.03339246e-02","coding (134/636 nt)","IGINKLAI_00004 ←","virion structural protein"
14-1-42-5,"INS","contig00001","10177","​+CATCGCCAAGAC","6.63281757e-02","coding (194/348 nt)","IGINKLAI_00015 →","hypothetical protein"
14-1-42-5,"INS","contig00001","13109","​+ACCGACCATG","1.82601743e-01","intergenic (+79/-8)","IGINKLAI_00020 → / → IGINKLAI_00021","hypothetical protein/hypothetical protein"
14-1-42-5,"INS","contig00001","13838","​+CAATGCCGGGAC","1.73357791e-01","coding (722/780 nt)","IGINKLAI_00021 →","hypothetical protein"
14-1-42-5,"INS","contig00001","22081","​+GTCGCAGCG","1.39647152e-01","coding (419/696 nt)","IGINKLAI_00041 →","hypothetical protein"
14-1-42-5,"INS","contig00001","23791","​+CAGGTCGATGTA","2.41037294e-01","coding (106/570 nt)","IGINKLAI_00043 ←","hypothetical protein"
14-1-42-5,"INS","contig00001","24079","​+GGT","5.19851407e-02","intergenic (-183/+781)","IGINKLAI_00043 ← / ← IGINKLAI_00044","hypothetical protein/DNA primase"
14-1-42-5,"INS","contig00001","24372","​+AGGCTTAGTGCCGCA","1.78028781e-01","intergenic (-476/+488)","IGINKLAI_00043 ← / ← IGINKLAI_00044","hypothetical protein/DNA primase"
14-1-42-5,"INS","contig00001","24893","​+GCCCGGACT","1.73830893e-01","coding (1716/1749 nt)","IGINKLAI_00044 ←","DNA primase"
14-1-42-5,"INS","contig00001","28828","​+CGCA","5.18962300e-02","coding (970/1305 nt)","IGINKLAI_00048 ←","hypothetical protein"
14-1-42-5,"INS","contig00001","31071","​+CGCAAGGT","1.65615499e-01","coding (310/423 nt)","IGINKLAI_00050 →","hypothetical protein"
14-1-42-5,"INS","contig00001","32809","​+GAAGGC","9.86714032e-02","coding (290/885 nt)","IGINKLAI_00052 →","hypothetical protein"
14-1-42-5,"SNP","contig00001","34549","A→G","6.01515770e-02","intergenic (+39/-49)","IGINKLAI_00053 → / → IGINKLAI_00054","hypothetical protein/hypothetical protein"
14-1-42-5,"SNP","contig00001","34551","A→G","7.45410919e-02","intergenic (+41/-47)","IGINKLAI_00053 → / → IGINKLAI_00054","hypothetical protein/hypothetical protein"
14-1-42-5,"INS","contig00001","34783","​+GGTGCGGTTT","1.11098416e-01","coding (186/231 nt)","IGINKLAI_00054 →","hypothetical protein"
14-1-42-5,"INS","contig00001","37330","​+CCGATAGCGACC","2.27335061e-01","coding (493/1017 nt)","IGINKLAI_00061 →","polynucleotide kinase/phosphorylase"
14-1-42-5,"INS","contig00001","37459","​+CCGAAGACCCGA","1.73106586e-01","coding (622/1017 nt)","IGINKLAI_00061 →","polynucleotide kinase/phosphorylase"
14-1-42-5,"INS","contig00001","39624","​+CGTCGGTTATCGCTCA","1.71898366e-01","coding (1141/3108 nt)","IGINKLAI_00063 →","DNA polymerase"
14-1-42-5,"INS","contig00001","42343","​+TCTTCGCG","1.22350306e-01","coding (353/1560 nt)","IGINKLAI_00065 →","DNA helicase"
14-1-42-5,"INS","contig00001","44378","​+CCGAAGCAA","1.30784048e-01","coding (25/900 nt)","IGINKLAI_00067 →","hypothetical protein"
14-1-42-5,"INS","contig00001","44583","​+CGAAGGCG","1.11934854e-01","coding (230/900 nt)","IGINKLAI_00067 →","hypothetical protein"
14-1-42-5,"INS","contig00001","47124","​+ACA","1.24457286e-01","coding (607/912 nt)","IGINKLAI_00070 →","putative DNA ligase"
14-1-42-5,"DEL","contig00001","47943","Δ1 bp","1","coding (235/252 nt)","IGINKLAI_00071 →","hypothetical protein"
14-1-42-5,"SNP","contig00001","47955","G→T","1.90737247e-01","E83* (GAA→TAA)‡","IGINKLAI_00071 →","hypothetical protein"
14-1-42-5,"SNP","contig00001","47957","A→T","1.86073780e-01","E83D (GAA→GAT)‡","IGINKLAI_00071 →","hypothetical protein"
14-1-42-5,"SNP","contig00001","47959","A→C","1.89845562e-01","*84S (TAA→TCA)","IGINKLAI_00071 →","hypothetical protein"
14-1-42-5,"INS","contig00001","49333","​+TGTAGTTGT","2.15924162e-01","coding (2633/2889 nt)","IGINKLAI_00074 ←","tail protein"
14-1-42-5,"INS","contig00001","53563","​+CCGGAG","1.05456701e-01","coding (1172/1254 nt)","IGINKLAI_00076 ←","baseplate wedge subunit"
14-1-42-5,"INS","contig00001","54739","​+CCC","8.89829720e-02","intergenic (-5/+52)","IGINKLAI_00076 ← / ← IGINKLAI_00077","baseplate wedge subunit/baseplate spike"
14-1-42-5,"INS","contig00001","55879","​+CTTCCGGATGGT","1.78476022e-01","coding (167/534 nt)","IGINKLAI_00078 ←","hypothetical protein"
14-1-42-5,"INS","contig00001","58226","​+CCGCCCATG","1.33901103e-01","coding (1265/2583 nt)","IGINKLAI_00080 ←","lytic tail protein"
14-1-42-5,"SNP","contig00001","63330","C→T","6.52063847e-01","C461Y (TGC→TAC)","IGINKLAI_00089 ←","tail sheath"
14-1-42-5,"SNP","contig00001","63478","T→C","1.98586464e-01","T412A (ACC→GCC)","IGINKLAI_00089 ←","tail sheath"
14-1-42-6,"INS","contig00001","3232","​+CTGCT","1.17071204e-01","coding (1044/1434 nt)","IGINKLAI_00005 ←","head maturation protease"
14-1-42-6,"INS","contig00001","18202","​+GCGAAGCGC","1.01963360e-01","coding (808/918 nt)","IGINKLAI_00029 →","hypothetical protein"
14-1-42-6,"INS","contig00001","22081","​+GTCGCAGCG","1.31503830e-01","coding (419/696 nt)","IGINKLAI_00041 →","hypothetical protein"
14-1-42-6,"INS","contig00001","28828","​+CGCA","5.78414555e-02","coding (970/1305 nt)","IGINKLAI_00048 ←","hypothetical protein"
14-1-42-6,"SNP","contig00001","34551","A→G","5.64131737e-02","intergenic (+41/-47)","IGINKLAI_00053 → / → IGINKLAI_00054","hypothetical protein/hypothetical protein"
14-1-42-6,"INS","contig00001","36423","​+GAAATCCAGCA","1.87988582e-01","coding (699/918 nt)","IGINKLAI_00059 →","FAD-dependent thymidylate synthase"
14-1-42-6,"INS","contig00001","37330","​+CCGATAGCGACC","1.77664975e-01","coding (493/1017 nt)","IGINKLAI_00061 →","polynucleotide kinase/phosphorylase"
14-1-42-6,"INS","contig00001","42343","​+TCTTCGCG","1.36908794e-01","coding (353/1560 nt)","IGINKLAI_00065 →","DNA helicase"
14-1-42-6,"DEL","contig00001","47943","Δ1 bp","1","coding (235/252 nt)","IGINKLAI_00071 →","hypothetical protein"
14-1-42-6,"SNP","contig00001","47955","G→T","2.03396797e-01","E83* (GAA→TAA)‡","IGINKLAI_00071 →","hypothetical protein"
14-1-42-6,"SNP","contig00001","47957","A→T","2.00043678e-01","E83D (GAA→GAT)‡","IGINKLAI_00071 →","hypothetical protein"
14-1-42-6,"SNP","contig00001","47959","A→C","2.01710701e-01","*84S (TAA→TCA)","IGINKLAI_00071 →","hypothetical protein"
14-1-42-6,"INS","contig00001","53563","​+CCGGAG","9.12797401e-02","coding (1172/1254 nt)","IGINKLAI_00076 ←","baseplate wedge subunit"
14-1-42-6,"INS","contig00001","54739","​+CCC","1.02446637e-01","intergenic (-5/+52)","IGINKLAI_00076 ← / ← IGINKLAI_00077","baseplate wedge subunit/baseplate spike"
14-1-42-6,"INS","contig00001","57371","​+GAACTTGATTCGG","1.52803576e-01","coding (2120/2583 nt)","IGINKLAI_00080 ←","lytic tail protein"
14-1-42-6,"INS","contig00001","60263","​+TGGACAAGTC","1.81319855e-01","coding (263/594 nt)","IGINKLAI_00082 ←","tail fiber protein"
14-1-42-6,"SNP","contig00001","63330","C→T","5.92700005e-01","C461Y (TGC→TAC)","IGINKLAI_00089 ←","tail sheath"
14-1-42-6,"SNP","contig00001","63478","T→C","2.26949692e-01","T412A (ACC→GCC)","IGINKLAI_00089 ←","tail sheath"
14-1-42-6,"INS","contig00001","64565","​+GCGTTG","9.22144146e-02","coding (147/1515 nt)","IGINKLAI_00089 ←","tail sheath"
14-1-42-C-1,"INS","contig00001","19039","​+CAAGCAAGACCTGTA","2.36722853e-01","coding (5/216 nt)","IGINKLAI_00033 →","hypothetical protein"
14-1-42-C-1,"DEL","contig00001","47943","Δ1 bp","1","coding (235/252 nt)","IGINKLAI_00071 →","hypothetical protein"
14-1-42-C-1,"SNP","contig00001","47955","G→T","1.45778179e-01","E83* (GAA→TAA)‡","IGINKLAI_00071 →","hypothetical protein"
14-1-42-C-1,"SNP","contig00001","47957","A→T","1.42591000e-01","E83D (GAA→GAT)‡","IGINKLAI_00071 →","hypothetical protein"
14-1-42-C-1,"SNP","contig00001","47959","A→C","1.43472195e-01","*84S (TAA→TCA)","IGINKLAI_00071 →","hypothetical protein"
14-1-42-C-1,"INS","contig00001","54739","​+CCC","1.00588015e-01","intergenic (-5/+52)","IGINKLAI_00076 ← / ← IGINKLAI_00077","baseplate wedge subunit/baseplate spike"
14-1-42-C-1,"SNP","contig00001","63258","G→T","5.66892624e-02","T485K (ACG→AAG)","IGINKLAI_00089 ←","tail sheath"
14-1-42-C-1,"SNP","contig00001","63330","C→T","7.54778862e-01","C461Y (TGC→TAC)","IGINKLAI_00089 ←","tail sheath"
14-1-42-C-1,"SNP","contig00001","63478","T→C","8.32934380e-02","T412A (ACC→GCC)","IGINKLAI_00089 ←","tail sheath"
14-1-42-C-2,"INS","contig00001","24893","​+GCCCGGACT","1.78887143e-01","coding (1716/1749 nt)","IGINKLAI_00044 ←","DNA primase"
14-1-42-C-2,"INS","contig00001","28828","​+CGCA","5.76840591e-02","coding (970/1305 nt)","IGINKLAI_00048 ←","hypothetical protein"
14-1-42-C-2,"INS","contig00001","31929","​+TACAAGGGTG","1.26379164e-01","coding (759/1188 nt)","IGINKLAI_00051 →","Dda-like helicase"
14-1-42-C-2,"INS","contig00001","32640","​+AGGCCA","1.36766464e-01","coding (121/885 nt)","IGINKLAI_00052 →","hypothetical protein"
14-1-42-C-2,"SNP","contig00001","34549","A→G","6.04262352e-02","intergenic (+39/-49)","IGINKLAI_00053 → / → IGINKLAI_00054","hypothetical protein/hypothetical protein"
14-1-42-C-2,"SNP","contig00001","34551","A→G","6.78825378e-02","intergenic (+41/-47)","IGINKLAI_00053 → / → IGINKLAI_00054","hypothetical protein/hypothetical protein"
14-1-42-C-2,"INS","contig00001","45764","​+CATCGGCACCAT","1.07771666e-01","coding (458/606 nt)","IGINKLAI_00068 →","hypothetical protein"
14-1-42-C-2,"SNP","contig00001","47955","G→T","1.25173569e-01","E83* (GAA→TAA)‡","IGINKLAI_00071 →","hypothetical protein"
14-1-42-C-2,"SNP","contig00001","47957","A→T","1.21047974e-01","E83D (GAA→GAT)‡","IGINKLAI_00071 →","hypothetical protein"
14-1-42-C-2,"SNP","contig00001","47959","A→C","1.22941017e-01","*84S (TAA→TCA)","IGINKLAI_00071 →","hypothetical protein"
14-1-42-C-2,"INS","contig00001","54739","​+CCC","1.08909696e-01","intergenic (-5/+52)","IGINKLAI_00076 ← / ← IGINKLAI_00077","baseplate wedge subunit/baseplate spike"
14-1-42-C-2,"INS","contig00001","55879","​+CTTCCGGATGGT","1.94743879e-01","coding (167/534 nt)","IGINKLAI_00078 ←","hypothetical protein"
14-1-42-C-2,"SNP","contig00001","63330","C→T","5.58316231e-01","C461Y (TGC→TAC)","IGINKLAI_00089 ←","tail sheath"
14-1-42-C-2,"SNP","contig00001","63478","T→C","1.45897388e-01","T412A (ACC→GCC)","IGINKLAI_00089 ←","tail sheath"
14-1-42-C-2,"SNP","contig00001","64488","A→G","7.72705078e-02","V75A (GTG→GCG)","IGINKLAI_00089 ←","tail sheath"
14-1-42-C-3,"INS","contig00001","6005","​+TGG","8.73476493e-02","coding (2279/2298 nt)","IGINKLAI_00009 ←","minor head protein"
14-1-42-C-3,"INS","contig00001","23362","​+CGGAGA","1.56638122e-01","coding (535/570 nt)","IGINKLAI_00043 ←","hypothetical protein"
14-1-42-C-3,"INS","contig00001","24893","​+GCCCGGACT","1.73838559e-01","coding (1716/1749 nt)","IGINKLAI_00044 ←","DNA primase"
14-1-42-C-3,"SNP","contig00001","34551","A→G","5.06453514e-02","intergenic (+41/-47)","IGINKLAI_00053 → / → IGINKLAI_00054","hypothetical protein/hypothetical protein"
14-1-42-C-3,"SNP","contig00001","47955","G→T","8.31294060e-02","E83* (GAA→TAA)‡","IGINKLAI_00071 →","hypothetical protein"
14-1-42-C-3,"SNP","contig00001","47957","A→T","8.13350677e-02","E83D (GAA→GAT)‡","IGINKLAI_00071 →","hypothetical protein"
14-1-42-C-3,"SNP","contig00001","47959","A→C","8.24699402e-02","*84S (TAA→TCA)","IGINKLAI_00071 →","hypothetical protein"
14-1-42-C-3,"INS","contig00001","54739","​+CCC","1.13341438e-01","intergenic (-5/+52)","IGINKLAI_00076 ← / ← IGINKLAI_00077","baseplate wedge subunit/baseplate spike"
14-1-42-C-3,"SNP","contig00001","63330","C→T","6.69241905e-01","C461Y (TGC→TAC)","IGINKLAI_00089 ←","tail sheath"
14-1-42-C-3,"SNP","contig00001","63478","T→C","2.00153828e-01","T412A (ACC→GCC)","IGINKLAI_00089 ←","tail sheath"
14-1-42-C-4,"INS","contig00001","24893","​+GCCCGGACT","1.88774592e-01","coding (1716/1749 nt)","IGINKLAI_00044 ←","DNA primase"
14-1-42-C-4,"SNP","contig00001","47955","G→T","1.20311737e-01","E83* (GAA→TAA)‡","IGINKLAI_00071 →","hypothetical protein"
14-1-42-C-4,"SNP","contig00001","47957","A→T","1.17109299e-01","E83D (GAA→GAT)‡","IGINKLAI_00071 →","hypothetical protein"
14-1-42-C-4,"SNP","contig00001","47959","A→C","1.18522167e-01","*84S (TAA→TCA)","IGINKLAI_00071 →","hypothetical protein"
14-1-42-C-4,"SNP","contig00001","63330","C→T","8.93373966e-01","C461Y (TGC→TAC)","IGINKLAI_00089 ←","tail sheath"
14-1-42-C-5,"INS","contig00001","12202","​+CTCGGCTTGC","8.65501860e-02","coding (215/588 nt)","IGINKLAI_00019 →","hypothetical protein"
14-1-42-C-5,"INS","contig00001","28828","​+CGCA","5.97493279e-02","coding (970/1305 nt)","IGINKLAI_00048 ←","hypothetical protein"
14-1-42-C-5,"DEL","contig00001","47943","Δ1 bp","1","coding (235/252 nt)","IGINKLAI_00071 →","hypothetical protein"
14-1-42-C-5,"SNP","contig00001","47955","G→T","1.25148773e-01","E83* (GAA→TAA)‡","IGINKLAI_00071 →","hypothetical protein"
14-1-42-C-5,"SNP","contig00001","47957","A→T","1.22075081e-01","E83D (GAA→GAT)‡","IGINKLAI_00071 →","hypothetical protein"
14-1-42-C-5,"SNP","contig00001","47959","A→C","1.22965813e-01","*84S (TAA→TCA)","IGINKLAI_00071 →","hypothetical protein"
14-1-42-C-5,"INS","contig00001","54739","​+CCC","9.97220557e-02","intergenic (-5/+52)","IGINKLAI_00076 ← / ← IGINKLAI_00077","baseplate wedge subunit/baseplate spike"
14-1-42-C-5,"SNP","contig00001","63330","C→A","1.45711899e-01","C461F (TGC→TTC)","IGINKLAI_00089 ←","tail sheath"
14-1-42-C-5,"SNP","contig00001","63478","T→C","5.67270756e-01","T412A (ACC→GCC)","IGINKLAI_00089 ←","tail sheath"
14-1-42-C-6,"INS","contig00001","23791","​+CAGGTCGATGTA","1.89029565e-01","coding (106/570 nt)","IGINKLAI_00043 ←","hypothetical protein"
14-1-42-C-6,"DEL","contig00001","47943","Δ1 bp","1","coding (235/252 nt)","IGINKLAI_00071 →","hypothetical protein"
14-1-42-C-6,"SNP","contig00001","47955","G→T","1.32323265e-01","E83* (GAA→TAA)‡","IGINKLAI_00071 →","hypothetical protein"
14-1-42-C-6,"SNP","contig00001","47957","A→T","1.28436089e-01","E83D (GAA→GAT)‡","IGINKLAI_00071 →","hypothetical protein"
14-1-42-C-6,"SNP","contig00001","47959","A→C","1.27090931e-01","*84S (TAA→TCA)","IGINKLAI_00071 →","hypothetical protein"
14-1-42-C-6,"INS","contig00001","54739","​+CCC","1.05711298e-01","intergenic (-5/+52)","IGINKLAI_00076 ← / ← IGINKLAI_00077","baseplate wedge subunit/baseplate spike"
14-1-42-C-6,"SNP","contig00001","63330","C→A","5.35127640e-01","C461F (TGC→TTC)","IGINKLAI_00089 ←","tail sheath"
14-1-42-C-6,"SNP","contig00001","63478","T→C","2.95022488e-01","T412A (ACC→GCC)","IGINKLAI_00089 ←","tail sheath"
14-1-42-C-6,"SNP","contig00001","63531","T→C","3.99517536e-01","D394G (GAC→GGC)","IGINKLAI_00089 ←","tail sheath"
14-1-anc-1,"INS","contig00001","7600","​+GCA","1.31975651e-01","coding (684/2298 nt)","IGINKLAI_00009 ←","minor head protein"
14-1-anc-1,"INS","contig00001","18023","​+AGC","1.11412679e-01","coding (629/918 nt)","IGINKLAI_00029 →","hypothetical protein"
14-1-anc-1,"INS","contig00001","22081","​+GTCGCAGCG","1.79907997e-01","coding (419/696 nt)","IGINKLAI_00041 →","hypothetical protein"
14-1-anc-1,"INS","contig00001","23423","​+GCA","1.01239409e-01","coding (474/570 nt)","IGINKLAI_00043 ←","hypothetical protein"
14-1-anc-1,"INS","contig00001","24893","​+GCCCGGACT","2.92569407e-01","coding (1716/1749 nt)","IGINKLAI_00044 ←","DNA primase"
14-1-anc-1,"INS","contig00001","32640","​+AGGCCA","1.02753007e-01","coding (121/885 nt)","IGINKLAI_00052 →","hypothetical protein"
14-1-anc-1,"SNP","contig00001","34545","C→T","5.41329384e-02","intergenic (+35/-53)","IGINKLAI_00053 → / → IGINKLAI_00054","hypothetical protein/hypothetical protein"
14-1-anc-1,"SNP","contig00001","34549","A→G","8.51950645e-02","intergenic (+39/-49)","IGINKLAI_00053 → / → IGINKLAI_00054","hypothetical protein/hypothetical protein"
14-1-anc-1,"SNP","contig00001","34551","A→G","9.86175537e-02","intergenic (+41/-47)","IGINKLAI_00053 → / → IGINKLAI_00054","hypothetical protein/hypothetical protein"
14-1-anc-1,"INS","contig00001","42343","​+TCTTCGCG","2.23003884e-01","coding (353/1560 nt)","IGINKLAI_00065 →","DNA helicase"
14-1-anc-1,"INS","contig00001","46337","​+GCT","5.06005395e-02","coding (429/555 nt)","IGINKLAI_00069 →","MazG-like pyrophosphatase"
14-1-anc-1,"INS","contig00001","51394","​+CAGCGGCAC","1.54489212e-01","coding (572/2889 nt)","IGINKLAI_00074 ←","tail protein"
14-1-anc-1,"SNP","contig00001","59547","G→A","5.65156937e-02","L126F (CTC→TTC)","IGINKLAI_00081 ←","hypothetical protein"
14-1-anc-1,"INS","contig00001","64658","​+GCGCCT","1.15628661e-01","coding (54/1515 nt)","IGINKLAI_00089 ←","tail sheath"
14-1-anc-2,"INS","contig00001","6005","​+TGG","2.18783434e-01","coding (2279/2298 nt)","IGINKLAI_00009 ←","minor head protein"
14-1-anc-2,"SNP","contig00001","17779","G→A","8.10923576e-02","E129K (GAA→AAA)","IGINKLAI_00029 →","hypothetical protein"
14-1-anc-2,"INS","contig00001","18023","​+AGC","1.28772909e-01","coding (629/918 nt)","IGINKLAI_00029 →","hypothetical protein"
14-1-anc-2,"INS","contig00001","23423","​+GCA","7.49553128e-02","coding (474/570 nt)","IGINKLAI_00043 ←","hypothetical protein"
14-1-anc-2,"SNP","contig00001","34545","C→T","5.57789803e-02","intergenic (+35/-53)","IGINKLAI_00053 → / → IGINKLAI_00054","hypothetical protein/hypothetical protein"
14-1-anc-2,"SNP","contig00001","52595","G→A","5.34472466e-02","A297V (GCC→GTC)","IGINKLAI_00075 ←","hypothetical protein"
14-1-anc-2,"SNP","contig00001","59547","G→A","5.44247627e-02","L126F (CTC→TTC)","IGINKLAI_00081 ←","hypothetical protein"
14-1-anc-3,"SNP","contig00001","26622","C→T","2.33457088e-01","intergenic (-14/+134)","IGINKLAI_00044 ← / ← IGINKLAI_00045","DNA primase/hypothetical protein"
14-1-anc-3,"SNP","contig00001","32862","G→C","5.14359474e-02","A115P (GCC→CCC)","IGINKLAI_00052 →","hypothetical protein"
14-1-anc-3,"SNP","contig00001","34551","A→G","7.44414330e-02","intergenic (+41/-47)","IGINKLAI_00053 → / → IGINKLAI_00054","hypothetical protein/hypothetical protein"
14-1-F-1,"INS","contig00001","3635","​+CAG","8.98953143e-02","coding (641/1434 nt)","IGINKLAI_00005 ←","head maturation protease"
14-1-F-1,"INS","contig00001","7600","​+GCA","7.97192661e-02","coding (684/2298 nt)","IGINKLAI_00009 ←","minor head protein"
14-1-F-1,"INS","contig00001","11080","​+GGAA","1.09346059e-01","coding (127/933 nt)","IGINKLAI_00017 →","hypothetical protein"
14-1-F-1,"INS","contig00001","11484","​+GCT","8.41462724e-02","coding (531/933 nt)","IGINKLAI_00017 →","hypothetical protein"
14-1-F-1,"INS","contig00001","18023","​+AGC","7.29015586e-02","coding (629/918 nt)","IGINKLAI_00029 →","hypothetical protein"
14-1-F-1,"INS","contig00001","24732","​+CAC","8.90520044e-02","intergenic (-836/+128)","IGINKLAI_00043 ← / ← IGINKLAI_00044","hypothetical protein/DNA primase"
14-1-F-1,"INS","contig00001","24893","​+GCCCGGACT","7.69712502e-02","coding (1716/1749 nt)","IGINKLAI_00044 ←","DNA primase"
14-1-F-1,"INS","contig00001","26174","​+TTG","1.92206391e-01","coding (435/1749 nt)","IGINKLAI_00044 ←","DNA primase"
14-1-F-1,"INS","contig00001","34263","​+GAA","9.31938151e-02","coding (755/1002 nt)","IGINKLAI_00053 →","hypothetical protein"
14-1-F-1,"SNP","contig00001","34545","C→T","5.23324013e-02","intergenic (+35/-53)","IGINKLAI_00053 → / → IGINKLAI_00054","hypothetical protein/hypothetical protein"
14-1-F-1,"SNP","contig00001","34549","A→G","9.13610458e-02","intergenic (+39/-49)","IGINKLAI_00053 → / → IGINKLAI_00054","hypothetical protein/hypothetical protein"
14-1-F-1,"SNP","contig00001","34551","A→G","1.00497246e-01","intergenic (+41/-47)","IGINKLAI_00053 → / → IGINKLAI_00054","hypothetical protein/hypothetical protein"
14-1-F-1,"INS","contig00001","37572","​+GCA","6.02347411e-02","coding (735/1017 nt)","IGINKLAI_00061 →","polynucleotide kinase/phosphorylase"
14-1-F-1,"INS","contig00001","41625","​+CGCT","7.05085419e-02","coding (42/411 nt)","IGINKLAI_00064 →","DNA helicase"
14-1-F-1,"INS","contig00001","43117","​+CAT","1.48265533e-01","coding (1127/1560 nt)","IGINKLAI_00065 →","DNA helicase"
14-1-F-1,"INS","contig00001","46552","​+GCT","9.04093227e-02","coding (35/912 nt)","IGINKLAI_00070 →","putative DNA ligase"
14-1-F-1,"SNP","contig00001","47955","G→T","7.89794922e-02","E83* (GAA→TAA)‡","IGINKLAI_00071 →","hypothetical protein"
14-1-F-1,"SNP","contig00001","47957","A→T","7.69510269e-02","E83D (GAA→GAT)‡","IGINKLAI_00071 →","hypothetical protein"
14-1-F-1,"SNP","contig00001","47959","A→C","8.01239014e-02","*84S (TAA→TCA)","IGINKLAI_00071 →","hypothetical protein"
14-1-F-1,"INS","contig00001","49103","​+GGAGTCA","1.55989068e-01","coding (2863/2889 nt)","IGINKLAI_00074 ←","tail protein"
14-1-F-1,"INS","contig00001","54739","​+CCC","8.74282197e-02","intergenic (-5/+52)","IGINKLAI_00076 ← / ← IGINKLAI_00077","baseplate wedge subunit/baseplate spike"
14-1-F-1,"INS","contig00001","56315","​+TCA","1.77601875e-01","coding (594/864 nt)","IGINKLAI_00079 ←","hypothetical protein"
14-1-F-1,"INS","contig00001","56967","​+GTCTGCA","7.37746554e-02","coding (2524/2583 nt)","IGINKLAI_00080 ←","lytic tail protein"
14-1-F-2,"INS","contig00001","2015","​+CGGAG","5.42350215e-02","coding (179/1149 nt)","IGINKLAI_00003 ←","major head protein"
14-1-F-2,"INS","contig00001","6005","​+TGG","1.88824815e-01","coding (2279/2298 nt)","IGINKLAI_00009 ←","minor head protein"
14-1-F-2,"INS","contig00001","11484","​+GCT","7.65248029e-02","coding (531/933 nt)","IGINKLAI_00017 →","hypothetical protein"
14-1-F-2,"SNP","contig00001","17119","A→G","6.96821213e-02","H25R (CAC→CGC)","IGINKLAI_00028 →","hypothetical protein"
14-1-F-2,"INS","contig00001","18023","​+AGC","1.10170587e-01","coding (629/918 nt)","IGINKLAI_00029 →","hypothetical protein"
14-1-F-2,"INS","contig00001","22889","​+ACCAAAGAG","3.38137661e-01","coding (342/612 nt)","IGINKLAI_00042 →","hypothetical protein"
14-1-F-2,"INS","contig00001","23423","​+GCA","6.77490990e-02","coding (474/570 nt)","IGINKLAI_00043 ←","hypothetical protein"
14-1-F-2,"INS","contig00001","28702","​+GCTGT","9.24654651e-02","coding (1096/1305 nt)","IGINKLAI_00048 ←","hypothetical protein"
14-1-F-2,"SNP","contig00001","47955","G→T","5.64327240e-02","E83* (GAA→TAA)‡","IGINKLAI_00071 →","hypothetical protein"
14-1-F-2,"SNP","contig00001","47957","A→T","5.43928146e-02","E83D (GAA→GAT)‡","IGINKLAI_00071 →","hypothetical protein"
14-1-F-2,"SNP","contig00001","47959","A→C","5.73558807e-02","*84S (TAA→TCA)","IGINKLAI_00071 →","hypothetical protein"
14-1-F-2,"INS","contig00001","53563","​+CCGGAG","1.66096482e-01","coding (1172/1254 nt)","IGINKLAI_00076 ←","baseplate wedge subunit"
14-1-F-2,"INS","contig00001","54739","​+CCC","1.10382339e-01","intergenic (-5/+52)","IGINKLAI_00076 ← / ← IGINKLAI_00077","baseplate wedge subunit/baseplate spike"
14-1-F-2,"INS","contig00001","64565","​+GCGTTG","1.35706233e-01","coding (147/1515 nt)","IGINKLAI_00089 ←","tail sheath"
14-1-F-3,"INS","contig00001","3635","​+CAG","1.22848811e-01","coding (641/1434 nt)","IGINKLAI_00005 ←","head maturation protease"
14-1-F-3,"INS","contig00001","6005","​+TGG","2.33698313e-01","coding (2279/2298 nt)","IGINKLAI_00009 ←","minor head protein"
14-1-F-3,"INS","contig00001","6022","​+GCCA","1.26940933e-01","coding (2262/2298 nt)","IGINKLAI_00009 ←","minor head protein"
14-1-F-3,"INS","contig00001","10177","​+CATCGCCAAGAC","2.13604976e-01","coding (194/348 nt)","IGINKLAI_00015 →","hypothetical protein"
14-1-F-3,"SNP","contig00001","17119","A→G","1.04197502e-01","H25R (CAC→CGC)","IGINKLAI_00028 →","hypothetical protein"
14-1-F-3,"SNP","contig00001","17227","T→C","5.89842796e-02","V61A (GTC→GCC)","IGINKLAI_00028 →","hypothetical protein"
14-1-F-3,"INS","contig00001","17227","​+CATGGGCATCAC","3.31998607e-01","coding (182/303 nt)","IGINKLAI_00028 →","hypothetical protein"
14-1-F-3,"INS","contig00001","18023","​+AGC","1.27802327e-01","coding (629/918 nt)","IGINKLAI_00029 →","hypothetical protein"
14-1-F-3,"INS","contig00001","22081","​+GTCGCAGCG","1.00339443e-01","coding (419/696 nt)","IGINKLAI_00041 →","hypothetical protein"
14-1-F-3,"INS","contig00001","23423","​+GCA","6.06067024e-02","coding (474/570 nt)","IGINKLAI_00043 ←","hypothetical protein"
14-1-F-3,"INS","contig00001","24893","​+GCCCGGACT","2.40719907e-01","coding (1716/1749 nt)","IGINKLAI_00044 ←","DNA primase"
14-1-F-3,"INS","contig00001","27682","​+CCCTTGGA","1.70950835e-01","coding (342/1077 nt)","IGINKLAI_00046 ←","DNA primase"
14-1-F-3,"INS","contig00001","29090","​+TACAGCAC","3.16553856e-01","coding (708/1305 nt)","IGINKLAI_00048 ←","hypothetical protein"
14-1-F-3,"INS","contig00001","30625","​+GGC","6.37037878e-02","intergenic (-32/-137)","IGINKLAI_00049 ← / → IGINKLAI_00050","hypothetical protein/hypothetical protein"
14-1-F-3,"SNP","contig00001","32862","G→C","1.21392727e-01","A115P (GCC→CCC)","IGINKLAI_00052 →","hypothetical protein"
14-1-F-3,"SNP","contig00001","34549","A→G","5.88393211e-02","intergenic (+39/-49)","IGINKLAI_00053 → / → IGINKLAI_00054","hypothetical protein/hypothetical protein"
14-1-F-3,"SNP","contig00001","34551","A→G","6.70228004e-02","intergenic (+41/-47)","IGINKLAI_00053 → / → IGINKLAI_00054","hypothetical protein/hypothetical protein"
14-1-F-3,"INS","contig00001","34783","​+GGTGCGGTTT","1.74920831e-01","coding (186/231 nt)","IGINKLAI_00054 →","hypothetical protein"
14-1-F-3,"INS","contig00001","41870","​+GCT","1.32991823e-01","coding (287/411 nt)","IGINKLAI_00064 →","DNA helicase"
14-1-F-3,"INS","contig00001","42694","​+GGAAG","1.46945958e-01","coding (704/1560 nt)","IGINKLAI_00065 →","DNA helicase"
14-1-F-3,"INS","contig00001","43117","​+CAT","1.98797352e-01","coding (1127/1560 nt)","IGINKLAI_00065 →","DNA helicase"
14-1-F-3,"INS","contig00001","44871","​+CGTCAT","1.80708226e-01","coding (518/900 nt)","IGINKLAI_00067 →","hypothetical protein"
14-1-F-3,"INS","contig00001","50492","​+GTT","1.30840795e-01","coding (1474/2889 nt)","IGINKLAI_00074 ←","tail protein"
14-1-F-3,"INS","contig00001","50989","​+CTG","7.71118067e-02","coding (977/2889 nt)","IGINKLAI_00074 ←","tail protein"
14-1-F-3,"INS","contig00001","53680","​+CCA","1.51321372e-01","coding (1055/1254 nt)","IGINKLAI_00076 ←","baseplate wedge subunit"
14-1-F-3,"INS","contig00001","54739","​+CCC","1.12347114e-01","intergenic (-5/+52)","IGINKLAI_00076 ← / ← IGINKLAI_00077","baseplate wedge subunit/baseplate spike"
14-1-F-3,"INS","contig00001","59710","​+GCA","7.03190858e-02","coding (213/429 nt)","IGINKLAI_00081 ←","hypothetical protein"
14-1-F-3,"INS","contig00001","63388","​+CTG","1.57674991e-01","coding (1324/1515 nt)","IGINKLAI_00089 ←","tail sheath"
14-1-F-3,"INS","contig00001","64565","​+GCGTTG","1.19437431e-01","coding (147/1515 nt)","IGINKLAI_00089 ←","tail sheath"
14-1-F-4,"INS","contig00001","6925","​+TTG","1.05113963e-01","coding (1359/2298 nt)","IGINKLAI_00009 ←","minor head protein"
14-1-F-4,"INS","contig00001","27454","​+TTG","1.34819611e-01","coding (570/1077 nt)","IGINKLAI_00046 ←","DNA primase"
14-1-F-4,"INS","contig00001","30175","​+CTTCGG","1.46711584e-01","coding (419/786 nt)","IGINKLAI_00049 ←","hypothetical protein"
14-1-F-4,"INS","contig00001","32640","​+AGGCCA","1.38862102e-01","coding (121/885 nt)","IGINKLAI_00052 →","hypothetical protein"
14-1-F-4,"SNP","contig00001","34551","A→G","6.15038872e-02","intergenic (+41/-47)","IGINKLAI_00053 → / → IGINKLAI_00054","hypothetical protein/hypothetical protein"
14-1-F-4,"INS","contig00001","41625","​+CGCT","5.32975392e-02","coding (42/411 nt)","IGINKLAI_00064 →","DNA helicase"
14-1-F-4,"INS","contig00001","41870","​+GCT","7.14074948e-02","coding (287/411 nt)","IGINKLAI_00064 →","DNA helicase"
14-1-F-4,"INS","contig00001","44871","​+CGTCAT","9.91469780e-02","coding (518/900 nt)","IGINKLAI_00067 →","hypothetical protein"
14-1-F-4,"SNP","contig00001","47955","G→T","1.24082565e-01","E83* (GAA→TAA)‡","IGINKLAI_00071 →","hypothetical protein"
14-1-F-4,"SNP","contig00001","47957","A→T","1.18962288e-01","E83D (GAA→GAT)‡","IGINKLAI_00071 →","hypothetical protein"
14-1-F-4,"SNP","contig00001","47959","A→C","1.19995594e-01","*84S (TAA→TCA)","IGINKLAI_00071 →","hypothetical protein"
14-1-F-4,"INS","contig00001","53011","​+TCA","1.03959718e-01","coding (474/1515 nt)","IGINKLAI_00075 ←","hypothetical protein"
14-1-F-4,"INS","contig00001","54322","​+CAC","7.92711947e-02","coding (413/1254 nt)","IGINKLAI_00076 ←","baseplate wedge subunit"
14-1-F-5,"INS","contig00001","13109","​+ACCGACCATG","2.33926401e-01","intergenic (+79/-8)","IGINKLAI_00020 → / → IGINKLAI_00021","hypothetical protein/hypothetical protein"
14-1-F-5,"INS","contig00001","25426","​+GAAGTCGGT","7.99471954e-02","coding (1183/1749 nt)","IGINKLAI_00044 ←","DNA primase"
14-1-F-5,"SNP","contig00001","34551","A→G","5.19766808e-02","intergenic (+41/-47)","IGINKLAI_00053 → / → IGINKLAI_00054","hypothetical protein/hypothetical protein"
14-1-F-5,"INS","contig00001","45233","​+CCGAAG","1.35445350e-01","coding (880/900 nt)","IGINKLAI_00067 →","hypothetical protein"
14-1-F-5,"DEL","contig00001","47943","Δ1 bp","1","coding (235/252 nt)","IGINKLAI_00071 →","hypothetical protein"
14-1-F-5,"SNP","contig00001","47955","G→T","8.59036446e-02","E83* (GAA→TAA)‡","IGINKLAI_00071 →","hypothetical protein"
14-1-F-5,"SNP","contig00001","47957","A→T","8.33024979e-02","E83D (GAA→GAT)‡","IGINKLAI_00071 →","hypothetical protein"
14-1-F-5,"SNP","contig00001","47959","A→C","8.52427483e-02","*84S (TAA→TCA)","IGINKLAI_00071 →","hypothetical protein"
14-1-F-5,"INS","contig00001","54739","​+CCC","1.12428695e-01","intergenic (-5/+52)","IGINKLAI_00076 ← / ← IGINKLAI_00077","baseplate wedge subunit/baseplate spike"
14-1-F-5,"INS","contig00001","55879","​+CTTCCGGATGGT","2.10574077e-01","coding (167/534 nt)","IGINKLAI_00078 ←","hypothetical protein"
14-1-F-6,"INS","contig00001","17227","​+CATGGGCATCAC","1.70646303e-01","coding (182/303 nt)","IGINKLAI_00028 →","hypothetical protein"
14-1-F-6,"INS","contig00001","18098","​+CGAGCTAGAGGC","1.66643288e-01","coding (704/918 nt)","IGINKLAI_00029 →","hypothetical protein"
14-1-F-6,"INS","contig00001","22081","​+GTCGCAGCG","1.30835407e-01","coding (419/696 nt)","IGINKLAI_00041 →","hypothetical protein"
14-1-F-6,"INS","contig00001","28828","​+CGCA","5.23510805e-02","coding (970/1305 nt)","IGINKLAI_00048 ←","hypothetical protein"
14-1-F-6,"SNP","contig00001","34551","A→G","7.28087425e-02","intergenic (+41/-47)","IGINKLAI_00053 → / → IGINKLAI_00054","hypothetical protein/hypothetical protein"
14-1-F-6,"INS","contig00001","37330","​+CCGATAGCGACC","2.14865239e-01","coding (493/1017 nt)","IGINKLAI_00061 →","polynucleotide kinase/phosphorylase"
14-1-F-6,"DEL","contig00001","47943","Δ1 bp","1","coding (235/252 nt)","IGINKLAI_00071 →","hypothetical protein"
14-1-F-6,"SNP","contig00001","47955","G→T","1.99121952e-01","E83* (GAA→TAA)‡","IGINKLAI_00071 →","hypothetical protein"
14-1-F-6,"SNP","contig00001","47957","A→T","1.95236206e-01","E83D (GAA→GAT)‡","IGINKLAI_00071 →","hypothetical protein"
14-1-F-6,"SNP","contig00001","47959","A→C","2.00172901e-01","*84S (TAA→TCA)","IGINKLAI_00071 →","hypothetical protein"
14-1-F-6,"INS","contig00001","52206","​+CCAGTCG","1.16580233e-01","coding (1279/1515 nt)","IGINKLAI_00075 ←","hypothetical protein"
14-1-F-6,"INS","contig00001","53563","​+CCGGAG","1.11378729e-01","coding (1172/1254 nt)","IGINKLAI_00076 ←","baseplate wedge subunit"
14-1-F-C-1,"INS","contig00001","28828","​+CGCA","6.06320067e-02","coding (970/1305 nt)","IGINKLAI_00048 ←","hypothetical protein"
14-1-F-C-1,"INS","contig00001","40959","​+TGAAGGCCGATC","1.73157234e-01","coding (2476/3108 nt)","IGINKLAI_00063 →","DNA polymerase"
14-1-F-C-1,"DEL","contig00001","47943","Δ1 bp","1","coding (235/252 nt)","IGINKLAI_00071 →","hypothetical protein"
14-1-F-C-1,"SNP","contig00001","47955","G→T","2.43372440e-01","E83* (GAA→TAA)‡","IGINKLAI_00071 →","hypothetical protein"
14-1-F-C-1,"SNP","contig00001","47957","A→T","2.38173962e-01","E83D (GAA→GAT)‡","IGINKLAI_00071 →","hypothetical protein"
14-1-F-C-1,"SNP","contig00001","47959","A→C","2.46479034e-01","*84S (TAA→TCA)","IGINKLAI_00071 →","hypothetical protein"
14-1-F-C-1,"INS","contig00001","53563","​+CCGGAG","1.11276407e-01","coding (1172/1254 nt)","IGINKLAI_00076 ←","baseplate wedge subunit"
14-1-F-C-1,"INS","contig00001","54739","​+CCC","9.92681028e-02","intergenic (-5/+52)","IGINKLAI_00076 ← / ← IGINKLAI_00077","baseplate wedge subunit/baseplate spike"
14-1-F-C-1,"INS","contig00001","60263","​+TGGACAAGTC","1.73587492e-01","coding (263/594 nt)","IGINKLAI_00082 ←","tail fiber protein"
14-1-F-C-2,"INS","contig00001","11162","​+CGCCTGCTT","1.23938167e-01","coding (209/933 nt)","IGINKLAI_00017 →","hypothetical protein"
14-1-F-C-2,"INS","contig00001","31071","​+CGCAAGGT","1.71885796e-01","coding (310/423 nt)","IGINKLAI_00050 →","hypothetical protein"
14-1-F-C-2,"SNP","contig00001","34549","A→G","5.17244339e-02","intergenic (+39/-49)","IGINKLAI_00053 → / → IGINKLAI_00054","hypothetical protein/hypothetical protein"
14-1-F-C-2,"SNP","contig00001","47955","G→T","2.25354195e-01","E83* (GAA→TAA)‡","IGINKLAI_00071 →","hypothetical protein"
14-1-F-C-2,"SNP","contig00001","47957","A→T","2.21526146e-01","E83D (GAA→GAT)‡","IGINKLAI_00071 →","hypothetical protein"
14-1-F-C-2,"SNP","contig00001","47959","A→C","2.25458145e-01","*84S (TAA→TCA)","IGINKLAI_00071 →","hypothetical protein"
14-1-F-C-2,"INS","contig00001","50260","​+TGTTGCCGG","1.28576009e-01","coding (1706/2889 nt)","IGINKLAI_00074 ←","tail protein"
14-1-F-C-2,"INS","contig00001","54739","​+CCC","9.90446106e-02","intergenic (-5/+52)","IGINKLAI_00076 ← / ← IGINKLAI_00077","baseplate wedge subunit/baseplate spike"
14-1-F-C-2,"INS","contig00001","58226","​+CCGCCCATG","1.32953757e-01","coding (1265/2583 nt)","IGINKLAI_00080 ←","lytic tail protein"
14-1-F-C-2,"SNP","contig00001","63478","T→C","1.72953129e-01","T412A (ACC→GCC)","IGINKLAI_00089 ←","tail sheath"
14-1-F-C-3,"INS","contig00001","10177","​+CATCGCCAAGAC","1.72359074e-01","coding (194/348 nt)","IGINKLAI_00015 →","hypothetical protein"
14-1-F-C-3,"INS","contig00001","20628","​+GGT","8.86254410e-02","coding (104/225 nt)","IGINKLAI_00037 →","hypothetical protein"
14-1-F-C-3,"INS","contig00001","23234","​+CCTAGAACAGC","2.06884890e-01","intergenic (+75/+93)","IGINKLAI_00042 → / ← IGINKLAI_00043","hypothetical protein/hypothetical protein"
14-1-F-C-3,"INS","contig00001","24893","​+GCCCGGACT","1.73404740e-01","coding (1716/1749 nt)","IGINKLAI_00044 ←","DNA primase"
14-1-F-C-3,"INS","contig00001","30175","​+CTTCGG","1.54283363e-01","coding (419/786 nt)","IGINKLAI_00049 ←","hypothetical protein"
14-1-F-C-3,"INS","contig00001","32514","​+AGAACATGGACC","1.88823910e-01","intergenic (+156/-6)","IGINKLAI_00051 → / → IGINKLAI_00052","Dda-like helicase/hypothetical protein"
14-1-F-C-3,"INS","contig00001","32991","​+AGGAAGAGC","1.53209663e-01","coding (472/885 nt)","IGINKLAI_00052 →","hypothetical protein"
14-1-F-C-3,"DEL","contig00001","47943","Δ1 bp","1","coding (235/252 nt)","IGINKLAI_00071 →","hypothetical protein"
14-1-F-C-3,"SNP","contig00001","47955","G→T","2.72524357e-01","E83* (GAA→TAA)‡","IGINKLAI_00071 →","hypothetical protein"
14-1-F-C-3,"SNP","contig00001","47957","A→T","2.66685486e-01","E83D (GAA→GAT)‡","IGINKLAI_00071 →","hypothetical protein"
14-1-F-C-3,"SNP","contig00001","47959","A→C","2.76794434e-01","*84S (TAA→TCA)","IGINKLAI_00071 →","hypothetical protein"
14-1-F-C-3,"INS","contig00001","54739","​+CCC","1.13246181e-01","intergenic (-5/+52)","IGINKLAI_00076 ← / ← IGINKLAI_00077","baseplate wedge subunit/baseplate spike"
14-1-F-C-4,"INS","contig00001","986","​+GAGTTA","1.01848942e-01","intergenic (-43/+59)","IGINKLAI_00002 ← / ← IGINKLAI_00003","hypothetical protein/major head protein"
14-1-F-C-4,"INS","contig00001","18023","​+AGC","5.96430284e-02","coding (629/918 nt)","IGINKLAI_00029 →","hypothetical protein"
14-1-F-C-4,"INS","contig00001","32640","​+AGGCCA","1.56727383e-01","coding (121/885 nt)","IGINKLAI_00052 →","hypothetical protein"
14-1-F-C-4,"SNP","contig00001","34551","A→G","5.57017326e-02","intergenic (+41/-47)","IGINKLAI_00053 → / → IGINKLAI_00054","hypothetical protein/hypothetical protein"
14-1-F-C-4,"DEL","contig00001","47943","Δ1 bp","1","coding (235/252 nt)","IGINKLAI_00071 →","hypothetical protein"
14-1-F-C-4,"SNP","contig00001","47955","G→T","2.06027031e-01","E83* (GAA→TAA)‡","IGINKLAI_00071 →","hypothetical protein"
14-1-F-C-4,"SNP","contig00001","47957","A→T","2.02701569e-01","E83D (GAA→GAT)‡","IGINKLAI_00071 →","hypothetical protein"
14-1-F-C-4,"SNP","contig00001","47959","A→C","2.05004215e-01","*84S (TAA→TCA)","IGINKLAI_00071 →","hypothetical protein"
14-1-F-C-4,"INS","contig00001","50116","​+GTCCATCCTT","1.18136137e-01","coding (1850/2889 nt)","IGINKLAI_00074 ←","tail protein"
14-1-F-C-4,"INS","contig00001","54739","​+CCC","1.01285918e-01","intergenic (-5/+52)","IGINKLAI_00076 ← / ← IGINKLAI_00077","baseplate wedge subunit/baseplate spike"
14-1-F-C-4,"INS","contig00001","58226","​+CCGCCCATG","1.43693599e-01","coding (1265/2583 nt)","IGINKLAI_00080 ←","lytic tail protein"
14-1-F-C-4,"SNP","contig00001","63330","C→T","2.09795952e-01","C461Y (TGC→TAC)","IGINKLAI_00089 ←","tail sheath"
14-1-F-C-4,"INS","contig00001","64892","​+TGATCTGGAG","1.63001131e-01","coding (417/582 nt)","IGINKLAI_00090 ←","tail completion or Neck1 protein"
14-1-F-C-5,"SNP","contig00001","4794","G→A","8.72950554e-02","G45G (GGC→GGT)","IGINKLAI_00006 ←","hypothetical protein"
14-1-F-C-5,"INS","contig00001","18023","​+AGC","6.13551747e-02","coding (629/918 nt)","IGINKLAI_00029 →","hypothetical protein"
14-1-F-C-5,"INS","contig00001","22614","​+ACAACGCTC","1.75849071e-01","coding (67/612 nt)","IGINKLAI_00042 →","hypothetical protein"
14-1-F-C-5,"INS","contig00001","22710","​+AGGAAGAGGCCTTCC","1.74305306e-01","coding (163/612 nt)","IGINKLAI_00042 →","hypothetical protein"
14-1-F-C-5,"INS","contig00001","23234","​+CCTAGAACAGC","1.99354902e-01","intergenic (+75/+93)","IGINKLAI_00042 → / ← IGINKLAI_00043","hypothetical protein/hypothetical protein"
14-1-F-C-5,"INS","contig00001","24158","​+TGAGTGTTTGGGT","1.60656083e-01","intergenic (-262/+702)","IGINKLAI_00043 ← / ← IGINKLAI_00044","hypothetical protein/DNA primase"
14-1-F-C-5,"INS","contig00001","24893","​+GCCCGGACT","1.79142312e-01","coding (1716/1749 nt)","IGINKLAI_00044 ←","DNA primase"
14-1-F-C-5,"INS","contig00001","32640","​+AGGCCA","1.50421968e-01","coding (121/885 nt)","IGINKLAI_00052 →","hypothetical protein"
14-1-F-C-5,"SNP","contig00001","32862","G→C","6.88595772e-02","A115P (GCC→CCC)","IGINKLAI_00052 →","hypothetical protein"
14-1-F-C-5,"SNP","contig00001","34551","A→G","5.13162613e-02","intergenic (+41/-47)","IGINKLAI_00053 → / → IGINKLAI_00054","hypothetical protein/hypothetical protein"
14-1-F-C-5,"INS","contig00001","44871","​+CGTCAT","1.03721018e-01","coding (518/900 nt)","IGINKLAI_00067 →","hypothetical protein"
14-1-F-C-5,"DEL","contig00001","47943","Δ1 bp","1","coding (235/252 nt)","IGINKLAI_00071 →","hypothetical protein"
14-1-F-C-5,"SNP","contig00001","47955","G→T","2.34216213e-01","E83* (GAA→TAA)‡","IGINKLAI_00071 →","hypothetical protein"
14-1-F-C-5,"SNP","contig00001","47957","A→T","2.28732586e-01","E83D (GAA→GAT)‡","IGINKLAI_00071 →","hypothetical protein"
14-1-F-C-5,"SNP","contig00001","47959","A→C","2.36105442e-01","*84S (TAA→TCA)","IGINKLAI_00071 →","hypothetical protein"
14-1-F-C-5,"INS","contig00001","54739","​+CCC","9.88792520e-02","intergenic (-5/+52)","IGINKLAI_00076 ← / ← IGINKLAI_00077","baseplate wedge subunit/baseplate spike"
14-1-F-C-5,"INS","contig00001","61258","​+AAGAGTTGCAAC","1.78535424e-01","coding (319/504 nt)","IGINKLAI_00084 ←","tail fiber protein"
14-1-F-C-5,"SNP","contig00001","63330","C→T","1.21342659e-01","C461Y (TGC→TAC)","IGINKLAI_00089 ←","tail sheath"
14-1-F-C-6,"INS","contig00001","6022","​+GCCA","1.37434629e-01","coding (2262/2298 nt)","IGINKLAI_00009 ←","minor head protein"
14-1-F-C-6,"INS","contig00001","6850","​+TCGCGCAGACGC","8.43664325e-02","coding (1434/2298 nt)","IGINKLAI_00009 ←","minor head protein"
14-1-F-C-6,"INS","contig00001","23362","​+CGGAGA","1.99467928e-01","coding (535/570 nt)","IGINKLAI_00043 ←","hypothetical protein"
14-1-F-C-6,"INS","contig00001","27454","​+TTG","1.27853149e-01","coding (570/1077 nt)","IGINKLAI_00046 ←","DNA primase"
14-1-F-C-6,"INS","contig00001","28828","​+CGCA","5.02454352e-02","coding (970/1305 nt)","IGINKLAI_00048 ←","hypothetical protein"
14-1-F-C-6,"INS","contig00001","31415","​+AGC","8.23404237e-02","coding (245/1188 nt)","IGINKLAI_00051 →","Dda-like helicase"
14-1-F-C-6,"INS","contig00001","31490","​+TGAAGA","1.95357780e-01","coding (320/1188 nt)","IGINKLAI_00051 →","Dda-like helicase"
14-1-F-C-6,"INS","contig00001","32640","​+AGGCCA","1.43919695e-01","coding (121/885 nt)","IGINKLAI_00052 →","hypothetical protein"
14-1-F-C-6,"INS","contig00001","44871","​+CGTCAT","1.14946067e-01","coding (518/900 nt)","IGINKLAI_00067 →","hypothetical protein"
14-1-F-C-6,"DEL","contig00001","47943","Δ1 bp","1","coding (235/252 nt)","IGINKLAI_00071 →","hypothetical protein"
14-1-F-C-6,"SNP","contig00001","47955","G→T","1.66571617e-01","E83* (GAA→TAA)‡","IGINKLAI_00071 →","hypothetical protein"
14-1-F-C-6,"SNP","contig00001","47957","A→T","1.57544613e-01","E83D (GAA→GAT)‡","IGINKLAI_00071 →","hypothetical protein"
14-1-F-C-6,"SNP","contig00001","47959","A→C","1.59075737e-01","*84S (TAA→TCA)","IGINKLAI_00071 →","hypothetical protein"
14-1-F-C-6,"INS","contig00001","54251","​+GATGAT","1.36925111e-01","coding (484/1254 nt)","IGINKLAI_00076 ←","baseplate wedge subunit"
14-1-F-C-6,"INS","contig00001","54739","​+CCC","1.18368350e-01","intergenic (-5/+52)","IGINKLAI_00076 ← / ← IGINKLAI_00077","baseplate wedge subunit/baseplate spike"
14-1-F-C-6,"INS","contig00001","60764","​+CAT","5.46291360e-02","coding (310/540 nt)","IGINKLAI_00083 ←","tail fiber protein"
14-1-F-C-6,"SNP","contig00001","63330","C→T","5.49354553e-02","C461Y (TGC→TAC)","IGINKLAI_00089 ←","tail sheath"
14-1-F-C-6,"SNP","contig00001","63478","T→C","7.74636269e-02","T412A (ACC→GCC)","IGINKLAI_00089 ←","tail sheath"
