phage,batch,time,replicate,line,temperature,pfu,dilution,pfu_ml
LUZ19,1,0,1,37_C_evo,37,,,10000
LUZ19,1,0,2,37_C_evo,37,,,10000
LUZ19,1,0,3,37_C_evo,37,,,10000
LUZ19,1,0,4,37_C_evo,37,,,10000
LUZ19,1,0,5,37_C_evo,37,,,10000
LUZ19,1,0,6,37_C_evo,37,,,10000
LUZ19,1,0,1,37_C_evo,42,,,10000
LUZ19,1,0,2,37_C_evo,42,,,10000
LUZ19,1,0,3,37_C_evo,42,,,10000
LUZ19,1,0,4,37_C_evo,42,,,10000
LUZ19,1,0,5,37_C_evo,42,,,10000
LUZ19,1,0,6,37_C_evo,42,,,10000
LUZ19,2,0,1,37_C_evo,37,,,10000
LUZ19,2,0,2,37_C_evo,37,,,10000
LUZ19,2,0,3,37_C_evo,37,,,10000
LUZ19,2,0,4,37_C_evo,37,,,10000
LUZ19,2,0,5,37_C_evo,37,,,10000
LUZ19,2,0,6,37_C_evo,37,,,10000
LUZ19,2,0,1,37_C_evo,42,,,10000
LUZ19,2,0,2,37_C_evo,42,,,10000
LUZ19,2,0,3,37_C_evo,42,,,10000
LUZ19,2,0,4,37_C_evo,42,,,10000
LUZ19,2,0,5,37_C_evo,42,,,10000
LUZ19,2,0,6,37_C_evo,42,,,10000
LUZ19,3,0,1,37_C_evo,37,,,10000
LUZ19,3,0,2,37_C_evo,37,,,10000
LUZ19,3,0,3,37_C_evo,37,,,10000
LUZ19,3,0,4,37_C_evo,37,,,10000
LUZ19,3,0,5,37_C_evo,37,,,10000
LUZ19,3,0,6,37_C_evo,37,,,10000
LUZ19,3,0,1,37_C_evo,42,,,10000
LUZ19,3,0,2,37_C_evo,42,,,10000
LUZ19,3,0,3,37_C_evo,42,,,10000
LUZ19,3,0,4,37_C_evo,42,,,10000
LUZ19,3,0,5,37_C_evo,42,,,10000
LUZ19,3,0,6,37_C_evo,42,,,10000
LUZ19,1,2,1,37_C_evo,37,26,-6,2600000000
LUZ19,1,2,2,37_C_evo,37,20,-6,2000000000
LUZ19,1,2,3,37_C_evo,37,29,-6,2900000000
LUZ19,1,2,4,37_C_evo,37,15,-6,1500000000
LUZ19,1,2,5,37_C_evo,37,14,-6,1400000000
LUZ19,1,2,6,37_C_evo,37,15,-6,1500000000
LUZ19,1,2,1,37_C_evo,42,18,-4,18000000
LUZ19,1,2,2,37_C_evo,42,28,-4,28000000
LUZ19,1,2,3,37_C_evo,42,31,-4,31000000
LUZ19,1,2,4,37_C_evo,42,16,-4,16000000
LUZ19,1,2,5,37_C_evo,42,18,-4,18000000
LUZ19,1,2,6,37_C_evo,42,15,-4,15000000
LUZ19,2,2,1,37_C_evo,37,17,-6,1700000000
LUZ19,2,2,2,37_C_evo,37,9,-6,900000000
LUZ19,2,2,3,37_C_evo,37,14,-6,1400000000
LUZ19,2,2,4,37_C_evo,37,17,-6,1700000000
LUZ19,2,2,5,37_C_evo,37,14,-6,1400000000
LUZ19,2,2,6,37_C_evo,37,21,-6,2100000000
LUZ19,2,2,1,37_C_evo,42,23,-4,23000000
LUZ19,2,2,2,37_C_evo,42,28,-4,28000000
LUZ19,2,2,3,37_C_evo,42,29,-4,29000000
LUZ19,2,2,4,37_C_evo,42,18,-4,18000000
LUZ19,2,2,5,37_C_evo,42,22,-4,22000000
LUZ19,2,2,6,37_C_evo,42,14,-4,14000000
LUZ19,3,2,1,37_C_evo,37,21,-5,210000000
LUZ19,3,2,2,37_C_evo,37,24,-5,240000000
LUZ19,3,2,3,37_C_evo,37,26,-5,260000000
LUZ19,3,2,4,37_C_evo,37,18,-5,180000000
LUZ19,3,2,5,37_C_evo,37,8,-6,800000000
LUZ19,3,2,6,37_C_evo,37,29,-5,290000000
LUZ19,3,2,1,37_C_evo,42,20,-4,20000000
LUZ19,3,2,2,37_C_evo,42,16,-4,16000000
LUZ19,3,2,3,37_C_evo,42,20,-4,20000000
LUZ19,3,2,4,37_C_evo,42,15,-4,15000000
LUZ19,3,2,5,37_C_evo,42,10,-4,10000000
LUZ19,3,2,6,37_C_evo,42,12,-4,12000000
LUZ19,1,4,1,37_C_evo,37,14,-7,14000000000
LUZ19,1,4,2,37_C_evo,37,21,-7,21000000000
LUZ19,1,4,3,37_C_evo,37,28,-7,28000000000
LUZ19,1,4,4,37_C_evo,37,24,-7,24000000000
LUZ19,1,4,5,37_C_evo,37,21,-7,21000000000
LUZ19,1,4,6,37_C_evo,37,18,-7,18000000000
LUZ19,1,4,1,37_C_evo,42,20,-6,2000000000
LUZ19,1,4,2,37_C_evo,42,37,-6,3700000000
LUZ19,1,4,3,37_C_evo,42,23,-6,2300000000
LUZ19,1,4,4,37_C_evo,42,27,-6,2700000000
LUZ19,1,4,5,37_C_evo,42,23,-6,2300000000
LUZ19,1,4,6,37_C_evo,42,20,-6,2000000000
LUZ19,2,4,1,37_C_evo,37,14,-7,14000000000
LUZ19,2,4,2,37_C_evo,37,23,-7,23000000000
LUZ19,2,4,3,37_C_evo,37,20,-7,20000000000
LUZ19,2,4,4,37_C_evo,37,24,-7,24000000000
LUZ19,2,4,5,37_C_evo,37,24,-7,24000000000
LUZ19,2,4,6,37_C_evo,37,18,-7,18000000000
LUZ19,2,4,1,37_C_evo,42,10,-7,10000000000
LUZ19,2,4,2,37_C_evo,42,8,-7,8000000000
LUZ19,2,4,3,37_C_evo,42,12,-7,12000000000
LUZ19,2,4,4,37_C_evo,42,13,-7,13000000000
LUZ19,2,4,5,37_C_evo,42,10,-7,10000000000
LUZ19,2,4,6,37_C_evo,42,10,-7,10000000000
LUZ19,3,4,1,37_C_evo,37,21,-7,21000000000
LUZ19,3,4,2,37_C_evo,37,30,-7,30000000000
LUZ19,3,4,3,37_C_evo,37,23,-7,23000000000
LUZ19,3,4,4,37_C_evo,37,24,-7,24000000000
LUZ19,3,4,5,37_C_evo,37,32,-7,32000000000
LUZ19,3,4,6,37_C_evo,37,28,-7,28000000000
LUZ19,3,4,1,37_C_evo,42,23,-6,2300000000
LUZ19,3,4,2,37_C_evo,42,31,-6,3100000000
LUZ19,3,4,3,37_C_evo,42,26,-6,2600000000
LUZ19,3,4,4,37_C_evo,42,28,-6,2800000000
LUZ19,3,4,5,37_C_evo,42,18,-6,1800000000
LUZ19,3,4,6,37_C_evo,42,16,-6,1600000000
LUZ19,1,8,1,37_C_evo,37,28,-8,2.80E+11
LUZ19,1,8,2,37_C_evo,37,29,-8,2.90E+11
LUZ19,1,8,3,37_C_evo,37,17,-8,1.70E+11
LUZ19,1,8,4,37_C_evo,37,31,-8,3.10E+11
LUZ19,1,8,5,37_C_evo,37,39,-8,3.90E+11
LUZ19,1,8,6,37_C_evo,37,14,-8,1.40E+11
LUZ19,1,8,1,37_C_evo,42,19,-8,1.90E+11
LUZ19,1,8,2,37_C_evo,42,9,-8,90000000000
LUZ19,1,8,3,37_C_evo,42,13,-8,1.30E+11
LUZ19,1,8,4,37_C_evo,42,19,-8,1.90E+11
LUZ19,1,8,5,37_C_evo,42,8,-8,80000000000
LUZ19,1,8,6,37_C_evo,42,13,-8,1.30E+11
LUZ19,2,8,1,37_C_evo,37,21,-8,2.10E+11
LUZ19,2,8,2,37_C_evo,37,21,-8,2.10E+11
LUZ19,2,8,3,37_C_evo,37,17,-8,1.70E+11
LUZ19,2,8,4,37_C_evo,37,32,-8,3.20E+11
LUZ19,2,8,5,37_C_evo,37,29,-8,2.90E+11
LUZ19,2,8,6,37_C_evo,37,27,-8,2.70E+11
LUZ19,2,8,1,37_C_evo,42,17,-8,1.70E+11
LUZ19,2,8,2,37_C_evo,42,11,-8,1.10E+11
LUZ19,2,8,3,37_C_evo,42,17,-8,1.70E+11
LUZ19,2,8,4,37_C_evo,42,18,-8,1.80E+11
LUZ19,2,8,5,37_C_evo,42,13,-8,1.30E+11
LUZ19,2,8,6,37_C_evo,42,12,-8,1.20E+11
LUZ19,3,8,1,37_C_evo,37,22,-8,2.20E+11
LUZ19,3,8,2,37_C_evo,37,31,-8,3.10E+11
LUZ19,3,8,3,37_C_evo,37,30,-8,3.00E+11
LUZ19,3,8,4,37_C_evo,37,22,-8,2.20E+11
LUZ19,3,8,5,37_C_evo,37,29,-8,2.90E+11
LUZ19,3,8,6,37_C_evo,37,16,-8,1.60E+11
LUZ19,3,8,1,37_C_evo,42,25,-8,2.50E+11
LUZ19,3,8,2,37_C_evo,42,18,-8,1.80E+11
LUZ19,3,8,3,37_C_evo,42,22,-8,2.20E+11
LUZ19,3,8,4,37_C_evo,42,16,-8,1.60E+11
LUZ19,3,8,5,37_C_evo,42,15,-8,1.50E+11
LUZ19,3,8,6,37_C_evo,42,16,-8,1.60E+11
phage14,1,0,1,37_C_evo,37,,,10000
phage14,1,0,2,37_C_evo,37,,,10000
phage14,1,0,3,37_C_evo,37,,,10000
phage14,1,0,4,37_C_evo,37,,,10000
phage14,1,0,5,37_C_evo,37,,,10000
phage14,1,0,6,37_C_evo,37,,,10000
phage14,1,0,1,37_C_evo,42,,,10000
phage14,1,0,2,37_C_evo,42,,,10000
phage14,1,0,3,37_C_evo,42,,,10000
phage14,1,0,4,37_C_evo,42,,,10000
phage14,1,0,5,37_C_evo,42,,,10000
phage14,1,0,6,37_C_evo,42,,,10000
phage14,1,2,1,37_C_evo,37,74,-2,740000
phage14,1,2,2,37_C_evo,37,55,-2,550000
phage14,1,2,3,37_C_evo,37,244,-2,2440000
phage14,1,2,4,37_C_evo,37,143,-2,1430000
phage14,1,2,5,37_C_evo,37,250,-2,2500000
phage14,1,2,6,37_C_evo,37,56,-2,560000
phage14,1,2,1,37_C_evo,42,4,0,400
phage14,1,2,2,37_C_evo,42,15,0,1500
phage14,1,2,3,37_C_evo,42,5,0,500
phage14,1,2,4,37_C_evo,42,4,0,400
phage14,1,2,5,37_C_evo,42,5,0,500
phage14,1,2,6,37_C_evo,42,2,0,200
phage14,1,4,1,37_C_evo,37,107,-5,1070000000
phage14,1,4,2,37_C_evo,37,83,-5,830000000
phage14,1,4,3,37_C_evo,37,65,-5,650000000
phage14,1,4,4,37_C_evo,37,84,-5,840000000
phage14,1,4,5,37_C_evo,37,56,-5,560000000
phage14,1,4,6,37_C_evo,37,81,-5,810000000
phage14,1,4,1,37_C_evo,42,83,0,8300
phage14,1,4,2,37_C_evo,42,115,-1,115000
phage14,1,4,3,37_C_evo,42,157,0,15700
phage14,1,4,4,37_C_evo,42,182,-1,182000
phage14,1,4,5,37_C_evo,42,180,0,18000
phage14,1,4,6,37_C_evo,42,160,0,16000
phage14,1,8,1,37_C_evo,37,87,-6,8700000000
phage14,1,8,2,37_C_evo,37,120,-6,12000000000
phage14,1,8,3,37_C_evo,37,84,-6,8400000000
phage14,1,8,4,37_C_evo,37,116,-6,11600000000
phage14,1,8,5,37_C_evo,37,110,-6,11000000000
phage14,1,8,6,37_C_evo,37,162,-6,16200000000
phage14,1,8,1,37_C_evo,42,177,-4,177000000
phage14,1,8,2,37_C_evo,42,157,-4,157000000
phage14,1,8,3,37_C_evo,42,152,-4,152000000
phage14,1,8,4,37_C_evo,42,132,-4,132000000
phage14,1,8,5,37_C_evo,42,154,-4,154000000
phage14,1,8,6,37_C_evo,42,160,-4,160000000
phage14,2,0,1,37_C_evo,37,,,10000
phage14,2,0,2,37_C_evo,37,,,10000
phage14,2,0,3,37_C_evo,37,,,10000
phage14,2,0,4,37_C_evo,37,,,10000
phage14,2,0,5,37_C_evo,37,,,10000
phage14,2,0,6,37_C_evo,37,,,10000
phage14,2,0,1,37_C_evo,42,,,10000
phage14,2,0,2,37_C_evo,42,,,10000
phage14,2,0,3,37_C_evo,42,,,10000
phage14,2,0,4,37_C_evo,42,,,10000
phage14,2,0,5,37_C_evo,42,,,10000
phage14,2,0,6,37_C_evo,42,,,10000
phage14,2,4,1,37_C_evo,37,121,-5,1210000000
phage14,2,4,2,37_C_evo,37,114,-5,1140000000
phage14,2,4,3,37_C_evo,37,133,-5,1330000000
phage14,2,4,4,37_C_evo,37,126,-5,1260000000
phage14,2,4,5,37_C_evo,37,73,-5,730000000
phage14,2,4,6,37_C_evo,37,68,-5,680000000
phage14,2,4,1,37_C_evo,42,83,-1,83000
phage14,2,4,2,37_C_evo,42,72,-1,72000
phage14,2,4,3,37_C_evo,42,70,-1,70000
phage14,2,4,4,37_C_evo,42,89,-1,89000
phage14,2,4,5,37_C_evo,42,87,-1,87000
phage14,2,4,6,37_C_evo,42,127,0,12700
phage14,2,8,1,37_C_evo,37,128,-6,12800000000
phage14,2,8,2,37_C_evo,37,151,-6,15100000000
phage14,2,8,3,37_C_evo,37,136,-6,13600000000
phage14,2,8,4,37_C_evo,37,126,-6,12600000000
phage14,2,8,5,37_C_evo,37,102,-6,10200000000
phage14,2,8,6,37_C_evo,37,112,-6,11200000000
phage14,2,8,1,37_C_evo,42,18,-4,18000000
phage14,2,8,2,37_C_evo,42,8,-4,8000000
phage14,2,8,3,37_C_evo,42,47,-4,47000000
phage14,2,8,4,37_C_evo,42,28,-4,28000000
phage14,2,8,5,37_C_evo,42,19,-4,19000000
phage14,2,8,6,37_C_evo,42,14,-4,14000000
phage14,3,0,1,37_C_evo,37,,,10000
phage14,3,0,2,37_C_evo,37,,,10000
phage14,3,0,3,37_C_evo,37,,,10000
phage14,3,0,4,37_C_evo,37,,,10000
phage14,3,0,5,37_C_evo,37,,,10000
phage14,3,0,6,37_C_evo,37,,,10000
phage14,3,0,1,37_C_evo,42,,,10000
phage14,3,0,2,37_C_evo,42,,,10000
phage14,3,0,3,37_C_evo,42,,,10000
phage14,3,0,4,37_C_evo,42,,,10000
phage14,3,0,5,37_C_evo,42,,,10000
phage14,3,0,6,37_C_evo,42,,,10000
phage14,3,4,1,37_C_evo,37,105,-5,1050000000
phage14,3,4,2,37_C_evo,37,129,-5,1290000000
phage14,3,4,3,37_C_evo,37,106,-5,1060000000
phage14,3,4,4,37_C_evo,37,97,-5,970000000
phage14,3,4,5,37_C_evo,37,68,-5,680000000
phage14,3,4,6,37_C_evo,37,36,-5,360000000
phage14,3,4,1,37_C_evo,42,212,0,21200
phage14,3,4,2,37_C_evo,42,196,0,19600
phage14,3,4,3,37_C_evo,42,130,0,13000
phage14,3,4,4,37_C_evo,42,43,-1,43000
phage14,3,4,5,37_C_evo,42,52,-1,52000
phage14,3,4,6,37_C_evo,42,85,0,8500
phage14,3,8,1,37_C_evo,37,96,-6,9600000000
phage14,3,8,2,37_C_evo,37,133,-6,13300000000
phage14,3,8,3,37_C_evo,37,115,-6,11500000000
phage14,3,8,4,37_C_evo,37,93,-6,9300000000
phage14,3,8,5,37_C_evo,37,159,-6,15900000000
phage14,3,8,6,37_C_evo,37,116,-6,11600000000
phage14,3,8,1,37_C_evo,42,195,-3,19500000
phage14,3,8,2,37_C_evo,42,140,-4,140000000
phage14,3,8,3,37_C_evo,42,82,-3,8200000
phage14,3,8,4,37_C_evo,42,90,-3,9000000
phage14,3,8,5,37_C_evo,42,79,-3,7900000
phage14,3,8,6,37_C_evo,42,102,-3,10200000
LUZ19,1,0,1,37_evo,37,,,10000
LUZ19,1,0,2,37_evo,37,,,10000
LUZ19,1,0,3,37_evo,37,,,10000
LUZ19,1,0,4,37_evo,37,,,10000
LUZ19,1,0,5,37_evo,37,,,10000
LUZ19,1,0,6,37_evo,37,,,10000
LUZ19,1,0,1,37_evo,42,,,10000
LUZ19,1,0,2,37_evo,42,,,10000
LUZ19,1,0,3,37_evo,42,,,10000
LUZ19,1,0,4,37_evo,42,,,10000
LUZ19,1,0,5,37_evo,42,,,10000
LUZ19,1,0,6,37_evo,42,,,10000
LUZ19,2,0,1,37_evo,37,,,10000
LUZ19,2,0,2,37_evo,37,,,10000
LUZ19,2,0,3,37_evo,37,,,10000
LUZ19,2,0,4,37_evo,37,,,10000
LUZ19,2,0,5,37_evo,37,,,10000
LUZ19,2,0,6,37_evo,37,,,10000
LUZ19,2,0,1,37_evo,42,,,10000
LUZ19,2,0,2,37_evo,42,,,10000
LUZ19,2,0,3,37_evo,42,,,10000
LUZ19,2,0,4,37_evo,42,,,10000
LUZ19,2,0,5,37_evo,42,,,10000
LUZ19,2,0,6,37_evo,42,,,10000
LUZ19,3,0,1,37_evo,37,,,10000
LUZ19,3,0,2,37_evo,37,,,10000
LUZ19,3,0,3,37_evo,37,,,10000
LUZ19,3,0,4,37_evo,37,,,10000
LUZ19,3,0,5,37_evo,37,,,10000
LUZ19,3,0,6,37_evo,37,,,10000
LUZ19,3,0,1,37_evo,42,,,10000
LUZ19,3,0,2,37_evo,42,,,10000
LUZ19,3,0,3,37_evo,42,,,10000
LUZ19,3,0,4,37_evo,42,,,10000
LUZ19,3,0,5,37_evo,42,,,10000
LUZ19,3,0,6,37_evo,42,,,10000
LUZ19,1,2,1,37_evo,37,14,-6,1400000000
LUZ19,1,2,2,37_evo,37,10,-6,1000000000
LUZ19,1,2,3,37_evo,37,15,-6,1500000000
LUZ19,1,2,4,37_evo,37,15,-6,1500000000
LUZ19,1,2,5,37_evo,37,14,-6,1400000000
LUZ19,1,2,6,37_evo,37,12,-6,1200000000
LUZ19,1,2,1,37_evo,42,29,-3,2900000
LUZ19,1,2,2,37_evo,42,10,-3,1000000
LUZ19,1,2,3,37_evo,42,30,-3,3000000
LUZ19,1,2,4,37_evo,42,30,-3,3000000
LUZ19,1,2,5,37_evo,42,20,-3,2000000
LUZ19,1,2,6,37_evo,42,19,-3,1900000
LUZ19,2,2,1,37_evo,37,14,-6,1400000000
LUZ19,2,2,2,37_evo,37,10,-6,1000000000
LUZ19,2,2,3,37_evo,37,11,-6,1100000000
LUZ19,2,2,4,37_evo,37,14,-6,1400000000
LUZ19,2,2,5,37_evo,37,12,-6,1200000000
LUZ19,2,2,6,37_evo,37,18,-6,1800000000
LUZ19,2,2,1,37_evo,42,15,-4,15000000
LUZ19,2,2,2,37_evo,42,8,-4,8000000
LUZ19,2,2,3,37_evo,42,18,-4,18000000
LUZ19,2,2,4,37_evo,42,15,-4,15000000
LUZ19,2,2,5,37_evo,42,22,-4,22000000
LUZ19,2,2,6,37_evo,42,18,-3,1800000
LUZ19,3,2,1,37_evo,37,10,-6,1000000000
LUZ19,3,2,2,37_evo,37,14,-5,140000000
LUZ19,3,2,3,37_evo,37,8,-6,800000000
LUZ19,3,2,4,37_evo,37,17,-6,1700000000
LUZ19,3,2,5,37_evo,37,13,-6,1300000000
LUZ19,3,2,6,37_evo,37,8,-6,800000000
LUZ19,3,2,1,37_evo,42,12,-4,12000000
LUZ19,3,2,2,37_evo,42,14,-3,1400000
LUZ19,3,2,3,37_evo,42,23,-3,2300000
LUZ19,3,2,4,37_evo,42,22,-3,2200000
LUZ19,3,2,5,37_evo,42,23,-3,2300000
LUZ19,3,2,6,37_evo,42,22,-2,220000
LUZ19,1,4,1,37_evo,37,20,-7,20000000000
LUZ19,1,4,2,37_evo,37,29,-7,29000000000
LUZ19,1,4,3,37_evo,37,28,-7,28000000000
LUZ19,1,4,4,37_evo,37,29,-7,29000000000
LUZ19,1,4,5,37_evo,37,23,-7,23000000000
LUZ19,1,4,6,37_evo,37,26,-7,26000000000
LUZ19,1,4,1,37_evo,42,23,-6,2300000000
LUZ19,1,4,2,37_evo,42,17,-6,1700000000
LUZ19,1,4,3,37_evo,42,32,-6,3200000000
LUZ19,1,4,4,37_evo,42,22,-6,2200000000
LUZ19,1,4,5,37_evo,42,22,-6,2200000000
LUZ19,1,4,6,37_evo,42,15,-6,1500000000
LUZ19,2,4,1,37_evo,37,18,-7,18000000000
LUZ19,2,4,2,37_evo,37,13,-7,13000000000
LUZ19,2,4,3,37_evo,37,16,-7,16000000000
LUZ19,2,4,4,37_evo,37,15,-7,15000000000
LUZ19,2,4,5,37_evo,37,13,-7,13000000000
LUZ19,2,4,6,37_evo,37,17,-7,17000000000
LUZ19,2,4,1,37_evo,42,15,-7,15000000000
LUZ19,2,4,2,37_evo,42,12,-7,12000000000
LUZ19,2,4,3,37_evo,42,14,-7,14000000000
LUZ19,2,4,4,37_evo,42,11,-7,11000000000
LUZ19,2,4,5,37_evo,42,18,-6,1800000000
LUZ19,2,4,6,37_evo,42,12,-6,1200000000
LUZ19,3,4,1,37_evo,37,19,-7,19000000000
LUZ19,3,4,2,37_evo,37,24,-7,24000000000
LUZ19,3,4,3,37_evo,37,17,-7,17000000000
LUZ19,3,4,4,37_evo,37,18,-7,18000000000
LUZ19,3,4,5,37_evo,37,19,-7,19000000000
LUZ19,3,4,6,37_evo,37,20,-7,20000000000
LUZ19,3,4,1,37_evo,42,21,-6,2100000000
LUZ19,3,4,2,37_evo,42,16,-6,1600000000
LUZ19,3,4,3,37_evo,42,21,-6,2100000000
LUZ19,3,4,4,37_evo,42,16,-6,1600000000
LUZ19,3,4,5,37_evo,42,14,-6,1400000000
LUZ19,3,4,6,37_evo,42,12,-6,1200000000
LUZ19,1,8,1,37_evo,37,23,-8,2.30E+11
LUZ19,1,8,2,37_evo,37,27,-8,2.70E+11
LUZ19,1,8,3,37_evo,37,31,-8,3.10E+11
LUZ19,1,8,4,37_evo,37,28,-8,2.80E+11
LUZ19,1,8,5,37_evo,37,27,-8,2.70E+11
LUZ19,1,8,6,37_evo,37,37,-8,3.70E+11
LUZ19,1,8,1,37_evo,42,13,-8,1.30E+11
LUZ19,1,8,2,37_evo,42,15,-8,1.50E+11
LUZ19,1,8,3,37_evo,42,22,-8,2.20E+11
LUZ19,1,8,4,37_evo,42,16,-8,1.60E+11
LUZ19,1,8,5,37_evo,42,11,-8,1.10E+11
LUZ19,1,8,6,37_evo,42,13,-8,1.30E+11
LUZ19,2,8,1,37_evo,37,24,-8,2.40E+11
LUZ19,2,8,2,37_evo,37,28,-8,2.80E+11
LUZ19,2,8,3,37_evo,37,23,-8,2.30E+11
LUZ19,2,8,4,37_evo,37,29,-8,2.90E+11
LUZ19,2,8,5,37_evo,37,28,-8,2.80E+11
LUZ19,2,8,6,37_evo,37,25,-8,2.50E+11
LUZ19,2,8,1,37_evo,42,17,-8,1.70E+11
LUZ19,2,8,2,37_evo,42,16,-8,1.60E+11
LUZ19,2,8,3,37_evo,42,14,-8,1.40E+11
LUZ19,2,8,4,37_evo,42,12,-8,1.20E+11
LUZ19,2,8,5,37_evo,42,11,-8,1.10E+11
LUZ19,2,8,6,37_evo,42,9,-8,90000000000
LUZ19,3,8,1,37_evo,37,25,-8,2.50E+11
LUZ19,3,8,2,37_evo,37,22,-8,2.20E+11
LUZ19,3,8,3,37_evo,37,28,-8,2.80E+11
LUZ19,3,8,4,37_evo,37,26,-8,2.60E+11
LUZ19,3,8,5,37_evo,37,16,-8,1.60E+11
LUZ19,3,8,6,37_evo,37,15,-8,1.50E+11
LUZ19,3,8,1,37_evo,42,19,-8,1.90E+11
LUZ19,3,8,2,37_evo,42,18,-8,1.80E+11
LUZ19,3,8,3,37_evo,42,15,-8,1.50E+11
LUZ19,3,8,4,37_evo,42,10,-8,1.00E+11
LUZ19,3,8,5,37_evo,42,11,-8,1.10E+11
LUZ19,3,8,6,37_evo,42,4,-8,40000000000
phage14,1,0,1,37_evo,37,,,10000
phage14,1,0,2,37_evo,37,,,10000
phage14,1,0,3,37_evo,37,,,10000
phage14,1,0,4,37_evo,37,,,10000
phage14,1,0,5,37_evo,37,,,10000
phage14,1,0,6,37_evo,37,,,10000
phage14,1,0,1,37_evo,42,,,10000
phage14,1,0,2,37_evo,42,,,10000
phage14,1,0,3,37_evo,42,,,10000
phage14,1,0,4,37_evo,42,,,10000
phage14,1,0,5,37_evo,42,,,10000
phage14,1,0,6,37_evo,42,,,10000
phage14,1,2,1,37_evo,37,51,-2,510000
phage14,1,2,2,37_evo,37,44,-2,440000
phage14,1,2,3,37_evo,37,60,-2,600000
phage14,1,2,4,37_evo,37,51,-2,510000
phage14,1,2,5,37_evo,37,71,-2,710000
phage14,1,2,6,37_evo,37,46,-2,460000
phage14,1,2,1,37_evo,42,2,0,200
phage14,1,2,2,37_evo,42,1,0,100
phage14,1,2,3,37_evo,42,2,0,200
phage14,1,2,4,37_evo,42,1,0,100
phage14,1,2,5,37_evo,42,0,0,0
phage14,1,2,6,37_evo,42,1,0,100
phage14,1,4,1,37_evo,37,92,-5,920000000
phage14,1,4,2,37_evo,37,41,-5,410000000
phage14,1,4,3,37_evo,37,58,-5,580000000
phage14,1,4,4,37_evo,37,47,-5,470000000
phage14,1,4,5,37_evo,37,49,-5,490000000
phage14,1,4,6,37_evo,37,51,-5,510000000
phage14,1,4,1,37_evo,42,124,0,12400
phage14,1,4,2,37_evo,42,8,0,800
phage14,1,4,3,37_evo,42,1,0,100
phage14,1,4,4,37_evo,42,6,0,600
phage14,1,4,5,37_evo,42,8,0,800
phage14,1,4,6,37_evo,42,5,0,500
phage14,1,8,1,37_evo,37,96,-6,9600000000
phage14,1,8,2,37_evo,37,79,-6,7900000000
phage14,1,8,3,37_evo,37,90,-6,9000000000
phage14,1,8,4,37_evo,37,93,-6,9300000000
phage14,1,8,5,37_evo,37,85,-6,8500000000
phage14,1,8,6,37_evo,37,132,-6,13200000000
phage14,1,8,1,37_evo,42,93,-1,93000
phage14,1,8,2,37_evo,42,94,-1,94000
phage14,1,8,3,37_evo,42,110,-1,110000
phage14,1,8,4,37_evo,42,115,-1,115000
phage14,1,8,5,37_evo,42,105,-1,105000
phage14,1,8,6,37_evo,42,159,-1,159000
phage14,2,0,1,37_evo,37,,,10000
phage14,2,0,2,37_evo,37,,,10000
phage14,2,0,3,37_evo,37,,,10000
phage14,2,0,4,37_evo,37,,,10000
phage14,2,0,5,37_evo,37,,,10000
phage14,2,0,6,37_evo,37,,,10000
phage14,2,0,1,37_evo,42,,,10000
phage14,2,0,2,37_evo,42,,,10000
phage14,2,0,3,37_evo,42,,,10000
phage14,2,0,4,37_evo,42,,,10000
phage14,2,0,5,37_evo,42,,,10000
phage14,2,0,6,37_evo,42,,,10000
phage14,2,4,1,37_evo,37,110,-5,1100000000
phage14,2,4,2,37_evo,37,85,-5,850000000
phage14,2,4,3,37_evo,37,56,-5,560000000
phage14,2,4,4,37_evo,37,64,-5,640000000
phage14,2,4,5,37_evo,37,42,-5,420000000
phage14,2,4,6,37_evo,37,61,-5,610000000
phage14,2,4,1,37_evo,42,22,0,2200
phage14,2,4,2,37_evo,42,4,0,400
phage14,2,4,3,37_evo,42,3,0,300
phage14,2,4,4,37_evo,42,13,0,1300
phage14,2,4,5,37_evo,42,6,0,600
phage14,2,4,6,37_evo,42,11,0,1100
phage14,2,8,1,37_evo,37,73,-6,7300000000
phage14,2,8,2,37_evo,37,114,-6,11400000000
phage14,2,8,3,37_evo,37,66,-6,6600000000
phage14,2,8,4,37_evo,37,92,-6,9200000000
phage14,2,8,5,37_evo,37,83,-6,8300000000
phage14,2,8,6,37_evo,37,137,-6,13700000000
phage14,2,8,1,37_evo,42,97,-2,970000
phage14,2,8,2,37_evo,42,66,-1,66000
phage14,2,8,3,37_evo,42,95,-2,950000
phage14,2,8,4,37_evo,42,60,-2,600000
phage14,2,8,5,37_evo,42,94,-1,94000
phage14,2,8,6,37_evo,42,146,-1,146000
phage14,3,0,1,37_evo,37,,,10000
phage14,3,0,2,37_evo,37,,,10000
phage14,3,0,3,37_evo,37,,,10000
phage14,3,0,4,37_evo,37,,,10000
phage14,3,0,5,37_evo,37,,,10000
phage14,3,0,6,37_evo,37,,,10000
phage14,3,0,1,37_evo,42,,,10000
phage14,3,0,2,37_evo,42,,,10000
phage14,3,0,3,37_evo,42,,,10000
phage14,3,0,4,37_evo,42,,,10000
phage14,3,0,5,37_evo,42,,,10000
phage14,3,0,6,37_evo,42,,,10000
phage14,3,4,1,37_evo,37,31,-5,310000000
phage14,3,4,2,37_evo,37,51,-5,510000000
phage14,3,4,3,37_evo,37,80,-5,800000000
phage14,3,4,4,37_evo,37,56,-5,560000000
phage14,3,4,5,37_evo,37,62,-5,620000000
phage14,3,4,6,37_evo,37,56,-5,560000000
phage14,3,4,1,37_evo,42,3,0,300
phage14,3,4,2,37_evo,42,0,0,0
phage14,3,4,3,37_evo,42,1,0,100
phage14,3,4,4,37_evo,42,2,0,200
phage14,3,4,5,37_evo,42,3,0,300
phage14,3,4,6,37_evo,42,1,0,100
phage14,3,8,1,37_evo,37,96,-6,9600000000
phage14,3,8,2,37_evo,37,58,-6,5800000000
phage14,3,8,3,37_evo,37,83,-6,8300000000
phage14,3,8,4,37_evo,37,53,-6,5300000000
phage14,3,8,5,37_evo,37,73,-6,7300000000
phage14,3,8,6,37_evo,37,65,-6,6500000000
phage14,3,8,1,37_evo,42,77,-2,770000
phage14,3,8,2,37_evo,42,141,-1,141000
phage14,3,8,3,37_evo,42,31,-2,310000
phage14,3,8,4,37_evo,42,67,0,6700
phage14,3,8,5,37_evo,42,35,-2,350000
phage14,3,8,6,37_evo,42,142,-1,142000
LUZ19,1,0,1,42_C_evo,37,,,10000
LUZ19,1,0,2,42_C_evo,37,,,10000
LUZ19,1,0,3,42_C_evo,37,,,10000
LUZ19,1,0,4,42_C_evo,37,,,10000
LUZ19,1,0,5,42_C_evo,37,,,10000
LUZ19,1,0,6,42_C_evo,37,,,10000
LUZ19,1,0,1,42_C_evo,42,,,10000
LUZ19,1,0,2,42_C_evo,42,,,10000
LUZ19,1,0,3,42_C_evo,42,,,10000
LUZ19,1,0,4,42_C_evo,42,,,10000
LUZ19,1,0,5,42_C_evo,42,,,10000
LUZ19,1,0,6,42_C_evo,42,,,10000
LUZ19,2,0,1,42_C_evo,37,,,10000
LUZ19,2,0,2,42_C_evo,37,,,10000
LUZ19,2,0,3,42_C_evo,37,,,10000
LUZ19,2,0,4,42_C_evo,37,,,10000
LUZ19,2,0,5,42_C_evo,37,,,10000
LUZ19,2,0,6,42_C_evo,37,,,10000
LUZ19,2,0,1,42_C_evo,42,,,10000
LUZ19,2,0,2,42_C_evo,42,,,10000
LUZ19,2,0,3,42_C_evo,42,,,10000
LUZ19,2,0,4,42_C_evo,42,,,10000
LUZ19,2,0,5,42_C_evo,42,,,10000
LUZ19,2,0,6,42_C_evo,42,,,10000
LUZ19,3,0,1,42_C_evo,37,,,10000
LUZ19,3,0,2,42_C_evo,37,,,10000
LUZ19,3,0,3,42_C_evo,37,,,10000
LUZ19,3,0,4,42_C_evo,37,,,10000
LUZ19,3,0,5,42_C_evo,37,,,10000
LUZ19,3,0,6,42_C_evo,37,,,10000
LUZ19,3,0,1,42_C_evo,42,,,10000
LUZ19,3,0,2,42_C_evo,42,,,10000
LUZ19,3,0,3,42_C_evo,42,,,10000
LUZ19,3,0,4,42_C_evo,42,,,10000
LUZ19,3,0,5,42_C_evo,42,,,10000
LUZ19,3,0,6,42_C_evo,42,,,10000
LUZ19,1,2,1,42_C_evo,37,29,-5,290000000
LUZ19,1,2,2,42_C_evo,37,25,-5,250000000
LUZ19,1,2,3,42_C_evo,37,32,-5,320000000
LUZ19,1,2,4,42_C_evo,37,44,-5,440000000
LUZ19,1,2,5,42_C_evo,37,38,-5,380000000
LUZ19,1,2,6,42_C_evo,37,29,-5,290000000
LUZ19,1,2,1,42_C_evo,42,21,-5,210000000
LUZ19,1,2,2,42_C_evo,42,26,-5,260000000
LUZ19,1,2,3,42_C_evo,42,22,-5,220000000
LUZ19,1,2,4,42_C_evo,42,32,-5,320000000
LUZ19,1,2,5,42_C_evo,42,20,-5,200000000
LUZ19,1,2,6,42_C_evo,42,28,-5,280000000
LUZ19,2,2,1,42_C_evo,37,20,-5,200000000
LUZ19,2,2,2,42_C_evo,37,23,-5,230000000
LUZ19,2,2,3,42_C_evo,37,28,-5,280000000
LUZ19,2,2,4,42_C_evo,37,13,-6,1300000000
LUZ19,2,2,5,42_C_evo,37,31,-5,310000000
LUZ19,2,2,6,42_C_evo,37,23,-5,230000000
LUZ19,2,2,1,42_C_evo,42,32,-5,320000000
LUZ19,2,2,2,42_C_evo,42,26,-5,260000000
LUZ19,2,2,3,42_C_evo,42,23,-5,230000000
LUZ19,2,2,4,42_C_evo,42,31,-5,310000000
LUZ19,2,2,5,42_C_evo,42,17,-5,170000000
LUZ19,2,2,6,42_C_evo,42,17,-5,170000000
LUZ19,3,2,1,42_C_evo,37,19,-5,190000000
LUZ19,3,2,2,42_C_evo,37,15,-5,150000000
LUZ19,3,2,3,42_C_evo,37,14,-5,140000000
LUZ19,3,2,4,42_C_evo,37,8,-6,800000000
LUZ19,3,2,5,42_C_evo,37,18,-5,180000000
LUZ19,3,2,6,42_C_evo,37,15,-5,150000000
LUZ19,3,2,1,42_C_evo,42,13,-5,130000000
LUZ19,3,2,2,42_C_evo,42,23,-5,230000000
LUZ19,3,2,3,42_C_evo,42,20,-5,200000000
LUZ19,3,2,4,42_C_evo,42,23,-5,230000000
LUZ19,3,2,5,42_C_evo,42,22,-5,220000000
LUZ19,3,2,6,42_C_evo,42,17,-5,170000000
LUZ19,1,4,1,42_C_evo,37,10,-7,10000000000
LUZ19,1,4,2,42_C_evo,37,16,-7,16000000000
LUZ19,1,4,3,42_C_evo,37,16,-7,16000000000
LUZ19,1,4,4,42_C_evo,37,20,-7,20000000000
LUZ19,1,4,5,42_C_evo,37,20,-7,20000000000
LUZ19,1,4,6,42_C_evo,37,16,-7,16000000000
LUZ19,1,4,1,42_C_evo,42,11,-7,11000000000
LUZ19,1,4,2,42_C_evo,42,16,-7,16000000000
LUZ19,1,4,3,42_C_evo,42,14,-7,14000000000
LUZ19,1,4,4,42_C_evo,42,12,-7,12000000000
LUZ19,1,4,5,42_C_evo,42,12,-7,12000000000
LUZ19,1,4,6,42_C_evo,42,12,-7,12000000000
LUZ19,2,4,1,42_C_evo,37,16,-7,16000000000
LUZ19,2,4,2,42_C_evo,37,16,-7,16000000000
LUZ19,2,4,3,42_C_evo,37,18,-7,18000000000
LUZ19,2,4,4,42_C_evo,37,21,-7,21000000000
LUZ19,2,4,5,42_C_evo,37,20,-7,20000000000
LUZ19,2,4,6,42_C_evo,37,14,-7,14000000000
LUZ19,2,4,1,42_C_evo,42,16,-7,16000000000
LUZ19,2,4,2,42_C_evo,42,13,-7,13000000000
LUZ19,2,4,3,42_C_evo,42,16,-7,16000000000
LUZ19,2,4,4,42_C_evo,42,15,-7,15000000000
LUZ19,2,4,5,42_C_evo,42,12,-7,12000000000
LUZ19,2,4,6,42_C_evo,42,12,-7,12000000000
LUZ19,3,4,1,42_C_evo,37,14,-7,14000000000
LUZ19,3,4,2,42_C_evo,37,20,-7,20000000000
LUZ19,3,4,3,42_C_evo,37,24,-7,24000000000
LUZ19,3,4,4,42_C_evo,37,25,-7,25000000000
LUZ19,3,4,5,42_C_evo,37,28,-7,28000000000
LUZ19,3,4,6,42_C_evo,37,20,-7,20000000000
LUZ19,3,4,1,42_C_evo,42,26,-6,2600000000
LUZ19,3,4,2,42_C_evo,42,34,-6,3400000000
LUZ19,3,4,3,42_C_evo,42,28,-6,2800000000
LUZ19,3,4,4,42_C_evo,42,37,-6,3700000000
LUZ19,3,4,5,42_C_evo,42,25,-6,2500000000
LUZ19,3,4,6,42_C_evo,42,29,-6,2900000000
LUZ19,1,8,1,42_C_evo,37,8,-8,80000000000
LUZ19,1,8,2,42_C_evo,37,20,-8,2.00E+11
LUZ19,1,8,3,42_C_evo,37,25,-8,2.50E+11
LUZ19,1,8,4,42_C_evo,37,27,-8,2.70E+11
LUZ19,1,8,5,42_C_evo,37,34,-8,3.40E+11
LUZ19,1,8,6,42_C_evo,37,26,-8,2.60E+11
LUZ19,1,8,1,42_C_evo,42,18,-8,1.80E+11
LUZ19,1,8,2,42_C_evo,42,22,-8,2.20E+11
LUZ19,1,8,3,42_C_evo,42,28,-8,2.80E+11
LUZ19,1,8,4,42_C_evo,42,31,-8,3.10E+11
LUZ19,1,8,5,42_C_evo,42,20,-8,2.00E+11
LUZ19,1,8,6,42_C_evo,42,12,-8,1.20E+11
LUZ19,2,8,1,42_C_evo,37,11,-8,1.10E+11
LUZ19,2,8,2,42_C_evo,37,18,-8,1.80E+11
LUZ19,2,8,3,42_C_evo,37,14,-8,1.40E+11
LUZ19,2,8,4,42_C_evo,37,28,-8,2.80E+11
LUZ19,2,8,5,42_C_evo,37,29,-8,2.90E+11
LUZ19,2,8,6,42_C_evo,37,28,-8,2.80E+11
LUZ19,2,8,1,42_C_evo,42,20,-8,2.00E+11
LUZ19,2,8,2,42_C_evo,42,20,-8,2.00E+11
LUZ19,2,8,3,42_C_evo,42,19,-8,1.90E+11
LUZ19,2,8,4,42_C_evo,42,19,-8,1.90E+11
LUZ19,2,8,5,42_C_evo,42,17,-8,1.70E+11
LUZ19,2,8,6,42_C_evo,42,19,-8,1.90E+11
LUZ19,3,8,1,42_C_evo,37,12,-8,1.20E+11
LUZ19,3,8,2,42_C_evo,37,21,-8,2.10E+11
LUZ19,3,8,3,42_C_evo,37,13,-8,1.30E+11
LUZ19,3,8,4,42_C_evo,37,22,-8,2.20E+11
LUZ19,3,8,5,42_C_evo,37,16,-8,1.60E+11
LUZ19,3,8,6,42_C_evo,37,19,-8,1.90E+11
LUZ19,3,8,1,42_C_evo,42,29,-8,2.90E+11
LUZ19,3,8,2,42_C_evo,42,27,-8,2.70E+11
LUZ19,3,8,3,42_C_evo,42,23,-8,2.30E+11
LUZ19,3,8,4,42_C_evo,42,22,-8,2.20E+11
LUZ19,3,8,5,42_C_evo,42,20,-8,2.00E+11
LUZ19,3,8,6,42_C_evo,42,16,-8,1.60E+11
phage14,1,0,1,42_C_evo,37,,,10000
phage14,1,0,2,42_C_evo,37,,,10000
phage14,1,0,3,42_C_evo,37,,,10000
phage14,1,0,4,42_C_evo,37,,,10000
phage14,1,0,5,42_C_evo,37,,,10000
phage14,1,0,6,42_C_evo,37,,,10000
phage14,1,0,1,42_C_evo,42,,,10000
phage14,1,0,2,42_C_evo,42,,,10000
phage14,1,0,3,42_C_evo,42,,,10000
phage14,1,0,4,42_C_evo,42,,,10000
phage14,1,0,5,42_C_evo,42,,,10000
phage14,1,0,6,42_C_evo,42,,,10000
phage14,1,2,1,42_C_evo,37,115,-2,1150000
phage14,1,2,2,42_C_evo,37,68,-2,680000
phage14,1,2,3,42_C_evo,37,73,-3,7300000
phage14,1,2,4,42_C_evo,37,167,-3,16700000
phage14,1,2,5,42_C_evo,37,230,-3,23000000
phage14,1,2,6,42_C_evo,37,139,-2,1390000
phage14,1,2,1,42_C_evo,42,97,-1,97000
phage14,1,2,2,42_C_evo,42,42,0,4200
phage14,1,2,3,42_C_evo,42,60,0,6000
phage14,1,2,4,42_C_evo,42,52,-1,52000
phage14,1,2,5,42_C_evo,42,37,0,3700
phage14,1,2,6,42_C_evo,42,33,-1,33000
phage14,1,4,1,42_C_evo,37,84,-5,840000000
phage14,1,4,2,42_C_evo,37,95,-5,950000000
phage14,1,4,3,42_C_evo,37,104,-5,1040000000
phage14,1,4,4,42_C_evo,37,128,-5,1280000000
phage14,1,4,5,42_C_evo,37,92,-5,920000000
phage14,1,4,6,42_C_evo,37,97,-5,970000000
phage14,1,4,1,42_C_evo,42,36,-5,360000000
phage14,1,4,2,42_C_evo,42,99,-4,99000000
phage14,1,4,3,42_C_evo,42,160,-4,160000000
phage14,1,4,4,42_C_evo,42,51,-5,510000000
phage14,1,4,5,42_C_evo,42,17,-4,17000000
phage14,1,4,6,42_C_evo,42,7,-4,7000000
phage14,1,8,1,42_C_evo,37,96,-6,9600000000
phage14,1,8,2,42_C_evo,37,99,-6,9900000000
phage14,1,8,3,42_C_evo,37,153,-6,15300000000
phage14,1,8,4,42_C_evo,37,109,-6,10900000000
phage14,1,8,5,42_C_evo,37,93,-6,9300000000
phage14,1,8,6,42_C_evo,37,69,-6,6900000000
phage14,1,8,1,42_C_evo,42,85,-6,8500000000
phage14,1,8,2,42_C_evo,42,230,-6,23000000000
phage14,1,8,3,42_C_evo,42,157,-6,15700000000
phage14,1,8,4,42_C_evo,42,141,-6,14100000000
phage14,1,8,5,42_C_evo,42,130,-6,13000000000
phage14,1,8,6,42_C_evo,42,198,-6,19800000000
phage14,2,0,1,42_C_evo,37,,,10000
phage14,2,0,2,42_C_evo,37,,,10000
phage14,2,0,3,42_C_evo,37,,,10000
phage14,2,0,4,42_C_evo,37,,,10000
phage14,2,0,5,42_C_evo,37,,,10000
phage14,2,0,6,42_C_evo,37,,,10000
phage14,2,0,1,42_C_evo,42,,,10000
phage14,2,0,2,42_C_evo,42,,,10000
phage14,2,0,3,42_C_evo,42,,,10000
phage14,2,0,4,42_C_evo,42,,,10000
phage14,2,0,5,42_C_evo,42,,,10000
phage14,2,0,6,42_C_evo,42,,,10000
phage14,2,4,1,42_C_evo,37,106,-5,1060000000
phage14,2,4,2,42_C_evo,37,89,-5,890000000
phage14,2,4,3,42_C_evo,37,89,-5,890000000
phage14,2,4,4,42_C_evo,37,94,-5,940000000
phage14,2,4,5,42_C_evo,37,123,-5,1230000000
phage14,2,4,6,42_C_evo,37,119,-5,1190000000
phage14,2,4,1,42_C_evo,42,186,-4,186000000
phage14,2,4,2,42_C_evo,42,153,-4,153000000
phage14,2,4,3,42_C_evo,42,97,-4,97000000
phage14,2,4,4,42_C_evo,42,114,-5,1140000000
phage14,2,4,5,42_C_evo,42,30,-4,30000000
phage14,2,4,6,42_C_evo,42,22,-4,22000000
phage14,2,8,1,42_C_evo,37,110,-6,11000000000
phage14,2,8,2,42_C_evo,37,99,-6,9900000000
phage14,2,8,3,42_C_evo,37,128,-6,12800000000
phage14,2,8,4,42_C_evo,37,127,-6,12700000000
phage14,2,8,5,42_C_evo,37,144,-6,14400000000
phage14,2,8,6,42_C_evo,37,131,-6,13100000000
phage14,2,8,1,42_C_evo,42,151,-6,15100000000
phage14,2,8,2,42_C_evo,42,178,-6,17800000000
phage14,2,8,3,42_C_evo,42,153,-6,15300000000
phage14,2,8,4,42_C_evo,42,142,-6,14200000000
phage14,2,8,5,42_C_evo,42,128,-6,12800000000
phage14,2,8,6,42_C_evo,42,126,-6,12600000000
phage14,3,0,1,42_C_evo,37,,,10000
phage14,3,0,2,42_C_evo,37,,,10000
phage14,3,0,3,42_C_evo,37,,,10000
phage14,3,0,4,42_C_evo,37,,,10000
phage14,3,0,5,42_C_evo,37,,,10000
phage14,3,0,6,42_C_evo,37,,,10000
phage14,3,0,1,42_C_evo,42,,,10000
phage14,3,0,2,42_C_evo,42,,,10000
phage14,3,0,3,42_C_evo,42,,,10000
phage14,3,0,4,42_C_evo,42,,,10000
phage14,3,0,5,42_C_evo,42,,,10000
phage14,3,0,6,42_C_evo,42,,,10000
phage14,3,4,1,42_C_evo,37,132,-5,1320000000
phage14,3,4,2,42_C_evo,37,143,-5,1430000000
phage14,3,4,3,42_C_evo,37,122,-5,1220000000
phage14,3,4,4,42_C_evo,37,112,-5,1120000000
phage14,3,4,5,42_C_evo,37,95,-5,950000000
phage14,3,4,6,42_C_evo,37,110,-5,1100000000
phage14,3,4,1,42_C_evo,42,72,-4,72000000
phage14,3,4,2,42_C_evo,42,40,-4,40000000
phage14,3,4,3,42_C_evo,42,47,-4,47000000
phage14,3,4,4,42_C_evo,42,99,-4,99000000
phage14,3,4,5,42_C_evo,42,2,-4,2000000
phage14,3,4,6,42_C_evo,42,8,-4,8000000
phage14,3,8,1,42_C_evo,37,97,-6,9700000000
phage14,3,8,2,42_C_evo,37,62,-6,6200000000
phage14,3,8,3,42_C_evo,37,73,-6,7300000000
phage14,3,8,4,42_C_evo,37,116,-6,11600000000
phage14,3,8,5,42_C_evo,37,85,-6,8500000000
phage14,3,8,6,42_C_evo,37,75,-6,7500000000
phage14,3,8,1,42_C_evo,42,89,-6,8900000000
phage14,3,8,2,42_C_evo,42,149,-6,14900000000
phage14,3,8,3,42_C_evo,42,131,-6,13100000000
phage14,3,8,4,42_C_evo,42,156,-6,15600000000
phage14,3,8,5,42_C_evo,42,116,-6,11600000000
phage14,3,8,6,42_C_evo,42,72,-6,7200000000
LUZ19,1,0,1,42_evo,37,,,10000
LUZ19,1,0,2,42_evo,37,,,10000
LUZ19,1,0,3,42_evo,37,,,10000
LUZ19,1,0,4,42_evo,37,,,10000
LUZ19,1,0,5,42_evo,37,,,10000
LUZ19,1,0,6,42_evo,37,,,10000
LUZ19,1,0,1,42_evo,42,,,10000
LUZ19,1,0,2,42_evo,42,,,10000
LUZ19,1,0,3,42_evo,42,,,10000
LUZ19,1,0,4,42_evo,42,,,10000
LUZ19,1,0,5,42_evo,42,,,10000
LUZ19,1,0,6,42_evo,42,,,10000
LUZ19,2,0,1,42_evo,37,,,10000
LUZ19,2,0,2,42_evo,37,,,10000
LUZ19,2,0,3,42_evo,37,,,10000
LUZ19,2,0,4,42_evo,37,,,10000
LUZ19,2,0,5,42_evo,37,,,10000
LUZ19,2,0,6,42_evo,37,,,10000
LUZ19,2,0,1,42_evo,42,,,10000
LUZ19,2,0,2,42_evo,42,,,10000
LUZ19,2,0,3,42_evo,42,,,10000
LUZ19,2,0,4,42_evo,42,,,10000
LUZ19,2,0,5,42_evo,42,,,10000
LUZ19,2,0,6,42_evo,42,,,10000
LUZ19,3,0,1,42_evo,37,,,10000
LUZ19,3,0,2,42_evo,37,,,10000
LUZ19,3,0,3,42_evo,37,,,10000
LUZ19,3,0,4,42_evo,37,,,10000
LUZ19,3,0,5,42_evo,37,,,10000
LUZ19,3,0,6,42_evo,37,,,10000
LUZ19,3,0,1,42_evo,42,,,10000
LUZ19,3,0,2,42_evo,42,,,10000
LUZ19,3,0,3,42_evo,42,,,10000
LUZ19,3,0,4,42_evo,42,,,10000
LUZ19,3,0,5,42_evo,42,,,10000
LUZ19,3,0,6,42_evo,42,,,10000
LUZ19,1,2,1,42_evo,37,28,-5,280000000
LUZ19,1,2,2,42_evo,37,25,-5,250000000
LUZ19,1,2,3,42_evo,37,28,-5,280000000
LUZ19,1,2,4,42_evo,37,28,-5,280000000
LUZ19,1,2,5,42_evo,37,36,-5,360000000
LUZ19,1,2,6,42_evo,37,33,-5,330000000
LUZ19,1,2,1,42_evo,42,20,-5,200000000
LUZ19,1,2,2,42_evo,42,17,-5,170000000
LUZ19,1,2,3,42_evo,42,18,-5,180000000
LUZ19,1,2,4,42_evo,42,18,-5,180000000
LUZ19,1,2,5,42_evo,42,33,-5,330000000
LUZ19,1,2,6,42_evo,42,27,-5,270000000
LUZ19,2,2,1,42_evo,37,18,-5,180000000
LUZ19,2,2,2,42_evo,37,10,-6,1000000000
LUZ19,2,2,3,42_evo,37,7,-6,700000000
LUZ19,2,2,4,42_evo,37,15,-6,1500000000
LUZ19,2,2,5,42_evo,37,17,-6,1700000000
LUZ19,2,2,6,42_evo,37,10,-6,1000000000
LUZ19,2,2,1,42_evo,42,21,-5,210000000
LUZ19,2,2,2,42_evo,42,23,-5,230000000
LUZ19,2,2,3,42_evo,42,31,-5,310000000
LUZ19,2,2,4,42_evo,42,17,-5,170000000
LUZ19,2,2,5,42_evo,42,39,-5,390000000
LUZ19,2,2,6,42_evo,42,19,-5,190000000
LUZ19,3,2,1,42_evo,37,21,-5,210000000
LUZ19,3,2,2,42_evo,37,24,-5,240000000
LUZ19,3,2,3,42_evo,37,30,-5,300000000
LUZ19,3,2,4,42_evo,37,25,-5,250000000
LUZ19,3,2,5,42_evo,37,28,-5,280000000
LUZ19,3,2,6,42_evo,37,20,-5,200000000
LUZ19,3,2,1,42_evo,42,20,-5,200000000
LUZ19,3,2,2,42_evo,42,21,-5,210000000
LUZ19,3,2,3,42_evo,42,23,-5,230000000
LUZ19,3,2,4,42_evo,42,18,-5,180000000
LUZ19,3,2,5,42_evo,42,20,-5,200000000
LUZ19,3,2,6,42_evo,42,15,-5,150000000
LUZ19,1,4,1,42_evo,37,18,-7,18000000000
LUZ19,1,4,2,42_evo,37,17,-7,17000000000
LUZ19,1,4,3,42_evo,37,17,-7,17000000000
LUZ19,1,4,4,42_evo,37,15,-7,15000000000
LUZ19,1,4,5,42_evo,37,17,-7,17000000000
LUZ19,1,4,6,42_evo,37,23,-7,23000000000
LUZ19,1,4,1,42_evo,42,14,-7,14000000000
LUZ19,1,4,2,42_evo,42,14,-7,14000000000
LUZ19,1,4,3,42_evo,42,11,-7,11000000000
LUZ19,1,4,4,42_evo,42,16,-7,16000000000
LUZ19,1,4,5,42_evo,42,19,-7,19000000000
LUZ19,1,4,6,42_evo,42,16,-7,16000000000
LUZ19,2,4,1,42_evo,37,16,-7,16000000000
LUZ19,2,4,2,42_evo,37,23,-7,23000000000
LUZ19,2,4,3,42_evo,37,22,-7,22000000000
LUZ19,2,4,4,42_evo,37,28,-7,28000000000
LUZ19,2,4,5,42_evo,37,23,-7,23000000000
LUZ19,2,4,6,42_evo,37,20,-7,20000000000
LUZ19,2,4,1,42_evo,42,14,-7,14000000000
LUZ19,2,4,2,42_evo,42,17,-7,17000000000
LUZ19,2,4,3,42_evo,42,15,-7,15000000000
LUZ19,2,4,4,42_evo,42,13,-7,13000000000
LUZ19,2,4,5,42_evo,42,16,-7,16000000000
LUZ19,2,4,6,42_evo,42,12,-7,12000000000
LUZ19,3,4,1,42_evo,37,38,-6,3800000000
LUZ19,3,4,2,42_evo,37,44,-6,4400000000
LUZ19,3,4,3,42_evo,37,43,-6,4300000000
LUZ19,3,4,4,42_evo,37,32,-6,3200000000
LUZ19,3,4,5,42_evo,37,48,-6,4800000000
LUZ19,3,4,6,42_evo,37,31,-6,3100000000
LUZ19,3,4,1,42_evo,42,31,-6,3100000000
LUZ19,3,4,2,42_evo,42,46,-6,4600000000
LUZ19,3,4,3,42_evo,42,31,-6,3100000000
LUZ19,3,4,4,42_evo,42,25,-6,2500000000
LUZ19,3,4,5,42_evo,42,29,-6,2900000000
LUZ19,3,4,6,42_evo,42,26,-6,2600000000
LUZ19,1,8,1,42_evo,37,12,-8,1.20E+11
LUZ19,1,8,2,42_evo,37,23,-8,2.30E+11
LUZ19,1,8,3,42_evo,37,25,-8,2.50E+11
LUZ19,1,8,4,42_evo,37,25,-8,2.50E+11
LUZ19,1,8,5,42_evo,37,28,-8,2.80E+11
LUZ19,1,8,6,42_evo,37,20,-8,2.00E+11
LUZ19,1,8,1,42_evo,42,29,-8,2.90E+11
LUZ19,1,8,2,42_evo,42,21,-8,2.10E+11
LUZ19,1,8,3,42_evo,42,24,-8,2.40E+11
LUZ19,1,8,4,42_evo,42,30,-8,3.00E+11
LUZ19,1,8,5,42_evo,42,28,-8,2.80E+11
LUZ19,1,8,6,42_evo,42,23,-8,2.30E+11
LUZ19,2,8,1,42_evo,37,18,-8,1.80E+11
LUZ19,2,8,2,42_evo,37,18,-8,1.80E+11
LUZ19,2,8,3,42_evo,37,20,-8,2.00E+11
LUZ19,2,8,4,42_evo,37,23,-8,2.30E+11
LUZ19,2,8,5,42_evo,37,24,-8,2.40E+11
LUZ19,2,8,6,42_evo,37,17,-8,1.70E+11
LUZ19,2,8,1,42_evo,42,33,-8,3.30E+11
LUZ19,2,8,2,42_evo,42,23,-8,2.30E+11
LUZ19,2,8,3,42_evo,42,24,-8,2.40E+11
LUZ19,2,8,4,42_evo,42,27,-8,2.70E+11
LUZ19,2,8,5,42_evo,42,19,-8,1.90E+11
LUZ19,2,8,6,42_evo,42,18,-8,1.80E+11
LUZ19,3,8,1,42_evo,37,10,-8,1.00E+11
LUZ19,3,8,2,42_evo,37,14,-8,1.40E+11
LUZ19,3,8,3,42_evo,37,13,-8,1.30E+11
LUZ19,3,8,4,42_evo,37,28,-8,2.80E+11
LUZ19,3,8,5,42_evo,37,20,-8,2.00E+11
LUZ19,3,8,6,42_evo,37,26,-8,2.60E+11
LUZ19,3,8,1,42_evo,42,29,-8,2.90E+11
LUZ19,3,8,2,42_evo,42,23,-8,2.30E+11
LUZ19,3,8,3,42_evo,42,28,-8,2.80E+11
LUZ19,3,8,4,42_evo,42,18,-8,1.80E+11
LUZ19,3,8,5,42_evo,42,18,-8,1.80E+11
LUZ19,3,8,6,42_evo,42,6,-8,60000000000
phage14,1,0,1,42_evo,37,,,10000
phage14,1,0,2,42_evo,37,,,10000
phage14,1,0,3,42_evo,37,,,10000
phage14,1,0,4,42_evo,37,,,10000
phage14,1,0,5,42_evo,37,,,10000
phage14,1,0,6,42_evo,37,,,10000
phage14,1,0,1,42_evo,42,,,10000
phage14,1,0,2,42_evo,42,,,10000
phage14,1,0,3,42_evo,42,,,10000
phage14,1,0,4,42_evo,42,,,10000
phage14,1,0,5,42_evo,42,,,10000
phage14,1,0,6,42_evo,42,,,10000
phage14,1,2,1,42_evo,37,27,-2,270000
phage14,1,2,2,42_evo,37,52,-2,520000
phage14,1,2,3,42_evo,37,22,-2,220000
phage14,1,2,4,42_evo,37,67,-1,67000
phage14,1,2,5,42_evo,37,53,-2,530000
phage14,1,2,6,42_evo,37,44,-2,440000
phage14,1,2,1,42_evo,42,52,-1,52000
phage14,1,2,2,42_evo,42,50,0,5000
phage14,1,2,3,42_evo,42,31,0,3100
phage14,1,2,4,42_evo,42,75,0,7500
phage14,1,2,5,42_evo,42,95,0,9500
phage14,1,2,6,42_evo,42,83,0,8300
phage14,1,4,1,42_evo,37,48,-5,480000000
phage14,1,4,2,42_evo,37,52,-5,520000000
phage14,1,4,3,42_evo,37,31,-5,310000000
phage14,1,4,4,42_evo,37,46,-5,460000000
phage14,1,4,5,42_evo,37,72,-5,720000000
phage14,1,4,6,42_evo,37,44,-5,440000000
phage14,1,4,1,42_evo,42,147,-4,147000000
phage14,1,4,2,42_evo,42,80,-4,80000000
phage14,1,4,3,42_evo,42,156,-3,15600000
phage14,1,4,4,42_evo,42,123,-3,12300000
phage14,1,4,5,42_evo,42,183,-4,183000000
phage14,1,4,6,42_evo,42,95,-4,95000000
phage14,1,8,1,42_evo,37,169,-6,16900000000
phage14,1,8,2,42_evo,37,65,-6,6500000000
phage14,1,8,3,42_evo,37,94,-6,9400000000
phage14,1,8,4,42_evo,37,80,-6,8000000000
phage14,1,8,5,42_evo,37,107,-6,10700000000
phage14,1,8,6,42_evo,37,143,-6,14300000000
phage14,1,8,1,42_evo,42,186,-6,18600000000
phage14,1,8,2,42_evo,42,157,-6,15700000000
phage14,1,8,3,42_evo,42,235,-6,23500000000
phage14,1,8,4,42_evo,42,141,-6,14100000000
phage14,1,8,5,42_evo,42,156,-6,15600000000
phage14,1,8,6,42_evo,42,167,-6,16700000000
phage14,2,0,1,42_evo,37,,,10000
phage14,2,0,2,42_evo,37,,,10000
phage14,2,0,3,42_evo,37,,,10000
phage14,2,0,4,42_evo,37,,,10000
phage14,2,0,5,42_evo,37,,,10000
phage14,2,0,6,42_evo,37,,,10000
phage14,2,0,1,42_evo,42,,,10000
phage14,2,0,2,42_evo,42,,,10000
phage14,2,0,3,42_evo,42,,,10000
phage14,2,0,4,42_evo,42,,,10000
phage14,2,0,5,42_evo,42,,,10000
phage14,2,0,6,42_evo,42,,,10000
phage14,2,4,1,42_evo,37,31,-5,310000000
phage14,2,4,2,42_evo,37,40,-5,400000000
phage14,2,4,3,42_evo,37,45,-5,450000000
phage14,2,4,4,42_evo,37,46,-5,460000000
phage14,2,4,5,42_evo,37,76,-5,760000000
phage14,2,4,6,42_evo,37,96,-5,960000000
phage14,2,4,1,42_evo,42,47,-4,47000000
phage14,2,4,2,42_evo,42,89,-4,89000000
phage14,2,4,3,42_evo,42,92,-3,9200000
phage14,2,4,4,42_evo,42,59,-4,59000000
phage14,2,4,5,42_evo,42,85,-4,85000000
phage14,2,4,6,42_evo,42,50,-4,50000000
phage14,2,8,1,42_evo,37,206,-6,20600000000
phage14,2,8,2,42_evo,37,134,-6,13400000000
phage14,2,8,3,42_evo,37,102,-6,10200000000
phage14,2,8,4,42_evo,37,137,-6,13700000000
phage14,2,8,5,42_evo,37,136,-6,13600000000
phage14,2,8,6,42_evo,37,198,-6,19800000000
phage14,2,8,1,42_evo,42,66,-7,66000000000
phage14,2,8,2,42_evo,42,152,-6,15200000000
phage14,2,8,3,42_evo,42,149,-6,14900000000
phage14,2,8,4,42_evo,42,153,-6,15300000000
phage14,2,8,5,42_evo,42,123,-6,12300000000
phage14,2,8,6,42_evo,42,98,-6,9800000000
phage14,3,0,1,42_evo,37,,,10000
phage14,3,0,2,42_evo,37,,,10000
phage14,3,0,3,42_evo,37,,,10000
phage14,3,0,4,42_evo,37,,,10000
phage14,3,0,5,42_evo,37,,,10000
phage14,3,0,6,42_evo,37,,,10000
phage14,3,0,1,42_evo,42,,,10000
phage14,3,0,2,42_evo,42,,,10000
phage14,3,0,3,42_evo,42,,,10000
phage14,3,0,4,42_evo,42,,,10000
phage14,3,0,5,42_evo,42,,,10000
phage14,3,0,6,42_evo,42,,,10000
phage14,3,4,1,42_evo,37,28,-5,280000000
phage14,3,4,2,42_evo,37,42,-5,420000000
phage14,3,4,3,42_evo,37,38,-5,380000000
phage14,3,4,4,42_evo,37,51,-5,510000000
phage14,3,4,5,42_evo,37,63,-5,630000000
phage14,3,4,6,42_evo,37,72,-5,720000000
phage14,3,4,1,42_evo,42,143,-3,14300000
phage14,3,4,2,42_evo,42,105,-3,10500000
phage14,3,4,3,42_evo,42,70,-3,7000000
phage14,3,4,4,42_evo,42,141,-3,14100000
phage14,3,4,5,42_evo,42,117,-4,117000000
phage14,3,4,6,42_evo,42,82,-4,82000000
phage14,3,8,1,42_evo,37,83,-6,8300000000
phage14,3,8,2,42_evo,37,98,-6,9800000000
phage14,3,8,3,42_evo,37,98,-6,9800000000
phage14,3,8,4,42_evo,37,69,-6,6900000000
phage14,3,8,5,42_evo,37,130,-6,13000000000
phage14,3,8,6,42_evo,37,89,-6,8900000000
phage14,3,8,1,42_evo,42,64,-7,64000000000
phage14,3,8,2,42_evo,42,173,-6,17300000000
phage14,3,8,3,42_evo,42,118,-7,1.18E+11
phage14,3,8,4,42_evo,42,173,-6,17300000000
phage14,3,8,5,42_evo,42,93,-6,9300000000
phage14,3,8,6,42_evo,42,127,-6,12700000000
LUZ19,1,0,1,anc,37,,,10000
LUZ19,1,0,2,anc,37,,,10000
LUZ19,1,0,3,anc,37,,,10000
LUZ19,1,0,1,anc,37,,,10000
LUZ19,1,0,2,anc,37,,,10000
LUZ19,1,0,3,anc,37,,,10000
LUZ19,1,0,1,anc,42,,,10000
LUZ19,1,0,2,anc,42,,,10000
LUZ19,1,0,3,anc,42,,,10000
LUZ19,2,0,1,anc,37,,,10000
LUZ19,2,0,2,anc,37,,,10000
LUZ19,2,0,3,anc,37,,,10000
LUZ19,2,0,1,anc,37,,,10000
LUZ19,2,0,2,anc,37,,,10000
LUZ19,2,0,3,anc,37,,,10000
LUZ19,2,0,1,anc,42,,,10000
LUZ19,2,0,2,anc,42,,,10000
LUZ19,2,0,3,anc,42,,,10000
LUZ19,3,0,1,anc,37,,,10000
LUZ19,3,0,2,anc,37,,,10000
LUZ19,3,0,3,anc,37,,,10000
LUZ19,3,0,1,anc,37,,,10000
LUZ19,3,0,2,anc,37,,,10000
LUZ19,3,0,3,anc,37,,,10000
LUZ19,3,0,1,anc,42,,,10000
LUZ19,3,0,2,anc,42,,,10000
LUZ19,3,0,3,anc,42,,,10000
LUZ19,1,2,1,anc,37,10,-5,100000000
LUZ19,1,2,2,anc,37,8,-5,80000000
LUZ19,1,2,3,anc,37,8,-5,80000000
LUZ19,1,2,1,anc,42,15,-4,15000000
LUZ19,1,2,2,anc,42,17,-4,17000000
LUZ19,1,2,3,anc,42,17,-4,17000000
LUZ19,2,2,1,anc,37,10,-5,100000000
LUZ19,2,2,2,anc,37,9,-5,90000000
LUZ19,2,2,3,anc,37,15,-5,150000000
LUZ19,2,2,1,anc,42,21,-4,21000000
LUZ19,2,2,2,anc,42,25,-4,25000000
LUZ19,2,2,3,anc,42,37,-4,37000000
LUZ19,3,2,1,anc,37,25,-5,250000000
LUZ19,3,2,2,anc,37,8,-5,80000000
LUZ19,3,2,3,anc,37,8,-5,80000000
LUZ19,3,2,1,anc,42,36,-4,36000000
LUZ19,3,2,2,anc,42,25,-4,25000000
LUZ19,3,2,3,anc,42,31,-4,31000000
LUZ19,1,4,1,anc,37,51,-6,5100000000
LUZ19,1,4,2,anc,37,42,-6,4200000000
LUZ19,1,4,3,anc,37,28,-6,2800000000
LUZ19,1,4,1,anc,42,32,-6,3200000000
LUZ19,1,4,2,anc,42,29,-6,2900000000
LUZ19,1,4,3,anc,42,46,-6,4600000000
LUZ19,2,4,1,anc,37,21,-7,21000000000
LUZ19,2,4,2,anc,37,17,-7,17000000000
LUZ19,2,4,3,anc,37,26,-7,26000000000
LUZ19,2,4,1,anc,42,36,-6,3600000000
LUZ19,2,4,2,anc,42,38,-6,3800000000
LUZ19,2,4,3,anc,42,30,-6,3000000000
LUZ19,3,4,1,anc,37,20,-7,20000000000
LUZ19,3,4,2,anc,37,20,-7,20000000000
LUZ19,3,4,3,anc,37,21,-7,21000000000
LUZ19,3,4,1,anc,42,14,-7,14000000000
LUZ19,3,4,2,anc,42,12,-7,12000000000
LUZ19,3,4,3,anc,42,14,-7,14000000000
LUZ19,1,8,1,anc,37,20,-8,2.00E+11
LUZ19,1,8,2,anc,37,16,-8,1.60E+11
LUZ19,1,8,3,anc,37,16,-8,1.60E+11
LUZ19,1,8,1,anc,42,44,-7,44000000000
LUZ19,1,8,2,anc,42,38,-7,38000000000
LUZ19,1,8,3,anc,42,31,-7,31000000000
LUZ19,2,8,1,anc,37,18,-8,1.80E+11
LUZ19,2,8,2,anc,37,22,-8,2.20E+11
LUZ19,2,8,3,anc,37,18,-8,1.80E+11
LUZ19,2,8,1,anc,42,18,-8,1.80E+11
LUZ19,2,8,2,anc,42,15,-8,1.50E+11
LUZ19,2,8,3,anc,42,18,-8,1.80E+11
LUZ19,3,8,1,anc,37,18,-8,1.80E+11
LUZ19,3,8,2,anc,37,20,-8,2.00E+11
LUZ19,3,8,3,anc,37,16,-8,1.60E+11
LUZ19,3,8,1,anc,42,29,-7,29000000000
LUZ19,3,8,2,anc,42,31,-7,31000000000
LUZ19,3,8,3,anc,42,34,-7,34000000000
phage14,1,0,1,anc,37,,,10000
phage14,1,0,2,anc,37,,,10000
phage14,1,0,3,anc,37,,,10000
phage14,1,0,1,anc,42,,,10000
phage14,1,0,2,anc,42,,,10000
phage14,1,0,3,anc,42,,,10000
phage14,1,2,1,anc,37,66,-2,660000
phage14,1,2,2,anc,37,31,-3,3100000
phage14,1,2,3,anc,37,137,-2,1370000
phage14,1,2,1,anc,42,34,0,3400
phage14,1,2,2,anc,42,1,0,100
phage14,1,2,3,anc,42,11,-1,11000
phage14,1,4,1,anc,37,77,-5,770000000
phage14,1,4,2,anc,37,119,-5,1190000000
phage14,1,4,3,anc,37,113,-5,1130000000
phage14,1,4,1,anc,42,34,0,3400
phage14,1,4,2,anc,42,35,-1,35000
phage14,1,4,3,anc,42,6,0,600
phage14,1,8,1,anc,37,77,-5,770000000
phage14,1,8,2,anc,37,95,-5,950000000
phage14,1,8,3,anc,37,116,-5,1160000000
phage14,1,8,1,anc,42,6,0,600
phage14,1,8,2,anc,42,22,0,2200
phage14,1,8,3,anc,42,14,-2,140000
phage14,2,0,1,anc,37,,,10000
phage14,2,0,2,anc,37,,,10000
phage14,2,0,3,anc,37,,,10000
phage14,2,0,1,anc,42,,,10000
phage14,2,0,2,anc,42,,,10000
phage14,2,0,3,anc,42,,,10000
phage14,2,4,1,anc,37,76,-5,760000000
phage14,2,4,2,anc,37,92,-5,920000000
phage14,2,4,3,anc,37,102,-5,1020000000
phage14,2,4,1,anc,42,7,0,700
phage14,2,4,2,anc,42,4,0,400
phage14,2,4,3,anc,42,10,0,1000
phage14,2,8,1,anc,37,60,-5,600000000
phage14,2,8,2,anc,37,61,-5,610000000
phage14,2,8,3,anc,37,65,-5,650000000
phage14,2,8,1,anc,42,9,0,900
phage14,2,8,2,anc,42,24,0,2400
phage14,2,8,3,anc,42,74,0,7400
phage14,3,0,1,anc,37,,,10000
phage14,3,0,2,anc,37,,,10000
phage14,3,0,3,anc,37,,,10000
phage14,3,0,1,anc,42,,,10000
phage14,3,0,2,anc,42,,,10000
phage14,3,0,3,anc,42,,,10000
phage14,3,4,1,anc,37,66,-5,660000000
phage14,3,4,2,anc,37,53,-5,530000000
phage14,3,4,3,anc,37,51,-5,510000000
phage14,3,4,1,anc,42,1,0,100
phage14,3,4,2,anc,42,4,0,400
phage14,3,4,3,anc,42,6,0,600
phage14,3,8,1,anc,37,142,-5,1420000000
phage14,3,8,2,anc,37,96,-5,960000000
phage14,3,8,3,anc,37,98,-5,980000000
phage14,3,8,1,anc,42,97,-1,97000
phage14,3,8,2,anc,42,161,0,16100
phage14,3,8,3,anc,42,20,0,2000
LUZ19,1,0,1,F_C_evo,37,,,10000
LUZ19,1,0,2,F_C_evo,37,,,10000
LUZ19,1,0,3,F_C_evo,37,,,10000
LUZ19,1,0,4,F_C_evo,37,,,10000
LUZ19,1,0,5,F_C_evo,37,,,10000
LUZ19,1,0,6,F_C_evo,37,,,10000
LUZ19,1,0,1,F_C_evo,42,,,10000
LUZ19,1,0,2,F_C_evo,42,,,10000
LUZ19,1,0,3,F_C_evo,42,,,10000
LUZ19,1,0,4,F_C_evo,42,,,10000
LUZ19,1,0,5,F_C_evo,42,,,10000
LUZ19,1,0,6,F_C_evo,42,,,10000
LUZ19,2,0,1,F_C_evo,37,,,10000
LUZ19,2,0,2,F_C_evo,37,,,10000
LUZ19,2,0,3,F_C_evo,37,,,10000
LUZ19,2,0,4,F_C_evo,37,,,10000
LUZ19,2,0,5,F_C_evo,37,,,10000
LUZ19,2,0,6,F_C_evo,37,,,10000
LUZ19,2,0,1,F_C_evo,42,,,10000
LUZ19,2,0,2,F_C_evo,42,,,10000
LUZ19,2,0,3,F_C_evo,42,,,10000
LUZ19,2,0,4,F_C_evo,42,,,10000
LUZ19,2,0,5,F_C_evo,42,,,10000
LUZ19,2,0,6,F_C_evo,42,,,10000
LUZ19,3,0,1,F_C_evo,37,,,10000
LUZ19,3,0,2,F_C_evo,37,,,10000
LUZ19,3,0,3,F_C_evo,37,,,10000
LUZ19,3,0,4,F_C_evo,37,,,10000
LUZ19,3,0,5,F_C_evo,37,,,10000
LUZ19,3,0,6,F_C_evo,37,,,10000
LUZ19,3,0,1,F_C_evo,42,,,10000
LUZ19,3,0,2,F_C_evo,42,,,10000
LUZ19,3,0,3,F_C_evo,42,,,10000
LUZ19,3,0,4,F_C_evo,42,,,10000
LUZ19,3,0,5,F_C_evo,42,,,10000
LUZ19,3,0,6,F_C_evo,42,,,10000
LUZ19,1,2,1,F_C_evo,37,19,-5,190000000
LUZ19,1,2,2,F_C_evo,37,16,-5,160000000
LUZ19,1,2,3,F_C_evo,37,25,-5,250000000
LUZ19,1,2,4,F_C_evo,37,28,-5,280000000
LUZ19,1,2,5,F_C_evo,37,25,-5,250000000
LUZ19,1,2,6,F_C_evo,37,23,-5,230000000
LUZ19,1,2,1,F_C_evo,42,10,-5,100000000
LUZ19,1,2,2,F_C_evo,42,13,-5,130000000
LUZ19,1,2,3,F_C_evo,42,14,-5,140000000
LUZ19,1,2,4,F_C_evo,42,10,-5,100000000
LUZ19,1,2,5,F_C_evo,42,8,-5,80000000
LUZ19,1,2,6,F_C_evo,42,10,-5,100000000
LUZ19,2,2,1,F_C_evo,37,28,-5,280000000
LUZ19,2,2,2,F_C_evo,37,16,-5,160000000
LUZ19,2,2,3,F_C_evo,37,29,-5,290000000
LUZ19,2,2,4,F_C_evo,37,24,-5,240000000
LUZ19,2,2,5,F_C_evo,37,16,-5,160000000
LUZ19,2,2,6,F_C_evo,37,31,-5,310000000
LUZ19,2,2,1,F_C_evo,42,21,-5,210000000
LUZ19,2,2,2,F_C_evo,42,17,-5,170000000
LUZ19,2,2,3,F_C_evo,42,16,-5,160000000
LUZ19,2,2,4,F_C_evo,42,17,-5,170000000
LUZ19,2,2,5,F_C_evo,42,17,-5,170000000
LUZ19,2,2,6,F_C_evo,42,16,-5,160000000
LUZ19,3,2,1,F_C_evo,37,17,-5,170000000
LUZ19,3,2,2,F_C_evo,37,16,-5,160000000
LUZ19,3,2,3,F_C_evo,37,13,-5,130000000
LUZ19,3,2,4,F_C_evo,37,9,-5,90000000
LUZ19,3,2,5,F_C_evo,37,15,-5,150000000
LUZ19,3,2,6,F_C_evo,37,22,-5,220000000
LUZ19,3,2,1,F_C_evo,42,22,-5,220000000
LUZ19,3,2,2,F_C_evo,42,24,-5,240000000
LUZ19,3,2,3,F_C_evo,42,33,-4,33000000
LUZ19,3,2,4,F_C_evo,42,24,-4,24000000
LUZ19,3,2,5,F_C_evo,42,23,-4,23000000
LUZ19,3,2,6,F_C_evo,42,28,-4,28000000
LUZ19,1,4,1,F_C_evo,37,37,-6,3700000000
LUZ19,1,4,2,F_C_evo,37,40,-6,4000000000
LUZ19,1,4,3,F_C_evo,37,3,-6,300000000
LUZ19,1,4,4,F_C_evo,37,33,-6,3300000000
LUZ19,1,4,5,F_C_evo,37,33,-6,3300000000
LUZ19,1,4,6,F_C_evo,37,43,-6,4300000000
LUZ19,1,4,1,F_C_evo,42,21,-6,2100000000
LUZ19,1,4,2,F_C_evo,42,20,-6,2000000000
LUZ19,1,4,3,F_C_evo,42,17,-6,1700000000
LUZ19,1,4,4,F_C_evo,42,26,-6,2600000000
LUZ19,1,4,5,F_C_evo,42,17,-6,1700000000
LUZ19,1,4,6,F_C_evo,42,23,-6,2300000000
LUZ19,2,4,1,F_C_evo,37,23,-7,23000000000
LUZ19,2,4,2,F_C_evo,37,21,-7,21000000000
LUZ19,2,4,3,F_C_evo,37,18,-7,18000000000
LUZ19,2,4,4,F_C_evo,37,17,-7,17000000000
LUZ19,2,4,5,F_C_evo,37,17,-7,17000000000
LUZ19,2,4,6,F_C_evo,37,14,-7,14000000000
LUZ19,2,4,1,F_C_evo,42,17,-7,17000000000
LUZ19,2,4,2,F_C_evo,42,14,-7,14000000000
LUZ19,2,4,3,F_C_evo,42,14,-7,14000000000
LUZ19,2,4,4,F_C_evo,42,11,-7,11000000000
LUZ19,2,4,5,F_C_evo,42,11,-7,11000000000
LUZ19,2,4,6,F_C_evo,42,8,-7,8000000000
LUZ19,3,4,1,F_C_evo,37,24,-7,24000000000
LUZ19,3,4,2,F_C_evo,37,20,-7,20000000000
LUZ19,3,4,3,F_C_evo,37,30,-7,30000000000
LUZ19,3,4,4,F_C_evo,37,20,-7,20000000000
LUZ19,3,4,5,F_C_evo,37,32,-7,32000000000
LUZ19,3,4,6,F_C_evo,37,29,-7,29000000000
LUZ19,3,4,1,F_C_evo,42,10,-7,10000000000
LUZ19,3,4,2,F_C_evo,42,9,-7,9000000000
LUZ19,3,4,3,F_C_evo,42,12,-7,12000000000
LUZ19,3,4,4,F_C_evo,42,13,-7,13000000000
LUZ19,3,4,5,F_C_evo,42,20,-7,20000000000
LUZ19,3,4,6,F_C_evo,42,10,-7,10000000000
LUZ19,1,8,1,F_C_evo,37,15,-8,1.50E+11
LUZ19,1,8,2,F_C_evo,37,21,-8,2.10E+11
LUZ19,1,8,3,F_C_evo,37,29,-8,2.90E+11
LUZ19,1,8,4,F_C_evo,37,21,-8,2.10E+11
LUZ19,1,8,5,F_C_evo,37,25,-8,2.50E+11
LUZ19,1,8,6,F_C_evo,37,25,-8,2.50E+11
LUZ19,1,8,1,F_C_evo,42,28,-8,2.80E+11
LUZ19,1,8,2,F_C_evo,42,32,-8,3.20E+11
LUZ19,1,8,3,F_C_evo,42,33,-8,3.30E+11
LUZ19,1,8,4,F_C_evo,42,27,-8,2.70E+11
LUZ19,1,8,5,F_C_evo,42,30,-8,3.00E+11
LUZ19,1,8,6,F_C_evo,42,25,-8,2.50E+11
LUZ19,2,8,1,F_C_evo,37,22,-8,2.20E+11
LUZ19,2,8,2,F_C_evo,37,20,-8,2.00E+11
LUZ19,2,8,3,F_C_evo,37,17,-8,1.70E+11
LUZ19,2,8,4,F_C_evo,37,12,-8,1.20E+11
LUZ19,2,8,5,F_C_evo,37,17,-8,1.70E+11
LUZ19,2,8,6,F_C_evo,37,16,-8,1.60E+11
LUZ19,2,8,1,F_C_evo,42,26,-8,2.60E+11
LUZ19,2,8,2,F_C_evo,42,20,-8,2.00E+11
LUZ19,2,8,3,F_C_evo,42,18,-8,1.80E+11
LUZ19,2,8,4,F_C_evo,42,25,-8,2.50E+11
LUZ19,2,8,5,F_C_evo,42,21,-8,2.10E+11
LUZ19,2,8,6,F_C_evo,42,22,-8,2.20E+11
LUZ19,3,8,1,F_C_evo,37,21,-8,2.10E+11
LUZ19,3,8,2,F_C_evo,37,17,-8,1.70E+11
LUZ19,3,8,3,F_C_evo,37,25,-8,2.50E+11
LUZ19,3,8,4,F_C_evo,37,13,-8,1.30E+11
LUZ19,3,8,5,F_C_evo,37,14,-8,1.40E+11
LUZ19,3,8,6,F_C_evo,37,18,-8,1.80E+11
LUZ19,3,8,1,F_C_evo,42,23,-8,2.30E+11
LUZ19,3,8,2,F_C_evo,42,20,-8,2.00E+11
LUZ19,3,8,3,F_C_evo,42,15,-8,1.50E+11
LUZ19,3,8,4,F_C_evo,42,14,-8,1.40E+11
LUZ19,3,8,5,F_C_evo,42,16,-8,1.60E+11
LUZ19,3,8,6,F_C_evo,42,9,-8,90000000000
phage14,1,0,1,F_C_evo,37,,,10000
phage14,1,0,2,F_C_evo,37,,,10000
phage14,1,0,3,F_C_evo,37,,,10000
phage14,1,0,4,F_C_evo,37,,,10000
phage14,1,0,5,F_C_evo,37,,,10000
phage14,1,0,6,F_C_evo,37,,,10000
phage14,1,0,1,F_C_evo,42,,,10000
phage14,1,0,2,F_C_evo,42,,,10000
phage14,1,0,3,F_C_evo,42,,,10000
phage14,1,0,4,F_C_evo,42,,,10000
phage14,1,0,5,F_C_evo,42,,,10000
phage14,1,0,6,F_C_evo,42,,,10000
phage14,1,2,1,F_C_evo,37,96,-2,960000
phage14,1,2,2,F_C_evo,37,134,-3,13400000
phage14,1,2,3,F_C_evo,37,118,-3,11800000
phage14,1,2,4,F_C_evo,37,142,-2,1420000
phage14,1,2,5,F_C_evo,37,148,-3,14800000
phage14,1,2,6,F_C_evo,37,192,-2,1920000
phage14,1,2,1,F_C_evo,42,39,-1,39000
phage14,1,2,2,F_C_evo,42,12,-1,12000
phage14,1,2,3,F_C_evo,42,0,0,0
phage14,1,2,4,F_C_evo,42,1,0,100
phage14,1,2,5,F_C_evo,42,0,0,0
phage14,1,2,6,F_C_evo,42,2,0,200
phage14,1,4,1,F_C_evo,37,82,-5,820000000
phage14,1,4,2,F_C_evo,37,96,-5,960000000
phage14,1,4,3,F_C_evo,37,115,-5,1150000000
phage14,1,4,4,F_C_evo,37,104,-5,1040000000
phage14,1,4,5,F_C_evo,37,112,-5,1120000000
phage14,1,4,6,F_C_evo,37,107,-5,1070000000
phage14,1,4,1,F_C_evo,42,79,-3,7900000
phage14,1,4,2,F_C_evo,42,96,-2,960000
phage14,1,4,3,F_C_evo,42,51,-2,510000
phage14,1,4,4,F_C_evo,42,72,-4,72000000
phage14,1,4,5,F_C_evo,42,157,-3,15700000
phage14,1,4,6,F_C_evo,42,150,-3,15000000
phage14,1,8,1,F_C_evo,37,137,-6,13700000000
phage14,1,8,2,F_C_evo,37,127,-6,12700000000
phage14,1,8,3,F_C_evo,37,140,-6,14000000000
phage14,1,8,4,F_C_evo,37,97,-6,9700000000
phage14,1,8,5,F_C_evo,37,69,-6,6900000000
phage14,1,8,6,F_C_evo,37,72,-6,7200000000
phage14,1,8,1,F_C_evo,42,293,-6,29300000000
phage14,1,8,2,F_C_evo,42,143,-6,14300000000
phage14,1,8,3,F_C_evo,42,67,-6,6700000000
phage14,1,8,4,F_C_evo,42,194,-6,19400000000
phage14,1,8,5,F_C_evo,42,242,-6,24200000000
phage14,1,8,6,F_C_evo,42,100,-6,10000000000
phage14,2,0,1,F_C_evo,37,,,10000
phage14,2,0,2,F_C_evo,37,,,10000
phage14,2,0,3,F_C_evo,37,,,10000
phage14,2,0,4,F_C_evo,37,,,10000
phage14,2,0,5,F_C_evo,37,,,10000
phage14,2,0,6,F_C_evo,37,,,10000
phage14,2,0,1,F_C_evo,42,,,10000
phage14,2,0,2,F_C_evo,42,,,10000
phage14,2,0,3,F_C_evo,42,,,10000
phage14,2,0,4,F_C_evo,42,,,10000
phage14,2,0,5,F_C_evo,42,,,10000
phage14,2,0,6,F_C_evo,42,,,10000
phage14,2,4,1,F_C_evo,37,72,-5,720000000
phage14,2,4,2,F_C_evo,37,114,-5,1140000000
phage14,2,4,3,F_C_evo,37,142,-5,1420000000
phage14,2,4,4,F_C_evo,37,129,-5,1290000000
phage14,2,4,5,F_C_evo,37,98,-5,980000000
phage14,2,4,6,F_C_evo,37,127,-5,1270000000
phage14,2,4,1,F_C_evo,42,53,-3,5300000
phage14,2,4,2,F_C_evo,42,116,-2,1160000
phage14,2,4,3,F_C_evo,42,79,-2,790000
phage14,2,4,4,F_C_evo,42,62,-4,62000000
phage14,2,4,5,F_C_evo,42,136,-3,13600000
phage14,2,4,6,F_C_evo,42,157,-3,15700000
phage14,2,8,1,F_C_evo,37,75,-6,7500000000
phage14,2,8,2,F_C_evo,37,74,-7,74000000000
phage14,2,8,3,F_C_evo,37,195,-6,19500000000
phage14,2,8,4,F_C_evo,37,99,-6,9900000000
phage14,2,8,5,F_C_evo,37,86,-6,8600000000
phage14,2,8,6,F_C_evo,37,115,-6,11500000000
phage14,2,8,1,F_C_evo,42,52,-6,5200000000
phage14,2,8,2,F_C_evo,42,141,-6,14100000000
phage14,2,8,3,F_C_evo,42,100,-6,10000000000
phage14,2,8,4,F_C_evo,42,120,-6,12000000000
phage14,2,8,5,F_C_evo,42,173,-6,17300000000
phage14,2,8,6,F_C_evo,42,42,-6,4200000000
phage14,3,0,1,F_C_evo,37,,,10000
phage14,3,0,2,F_C_evo,37,,,10000
phage14,3,0,3,F_C_evo,37,,,10000
phage14,3,0,4,F_C_evo,37,,,10000
phage14,3,0,5,F_C_evo,37,,,10000
phage14,3,0,6,F_C_evo,37,,,10000
phage14,3,0,1,F_C_evo,42,,,10000
phage14,3,0,2,F_C_evo,42,,,10000
phage14,3,0,3,F_C_evo,42,,,10000
phage14,3,0,4,F_C_evo,42,,,10000
phage14,3,0,5,F_C_evo,42,,,10000
phage14,3,0,6,F_C_evo,42,,,10000
phage14,3,4,1,F_C_evo,37,99,-5,990000000
phage14,3,4,2,F_C_evo,37,102,-5,1020000000
phage14,3,4,3,F_C_evo,37,82,-5,820000000
phage14,3,4,4,F_C_evo,37,87,-5,870000000
phage14,3,4,5,F_C_evo,37,99,-5,990000000
phage14,3,4,6,F_C_evo,37,142,-5,1420000000
phage14,3,4,1,F_C_evo,42,60,-2,600000
phage14,3,4,2,F_C_evo,42,57,-2,570000
phage14,3,4,3,F_C_evo,42,33,-2,330000
phage14,3,4,4,F_C_evo,42,84,-3,8400000
phage14,3,4,5,F_C_evo,42,62,-3,6200000
phage14,3,4,6,F_C_evo,42,64,-3,6400000
phage14,3,8,1,F_C_evo,37,115,-6,11500000000
phage14,3,8,2,F_C_evo,37,120,-6,12000000000
phage14,3,8,3,F_C_evo,37,106,-6,10600000000
phage14,3,8,4,F_C_evo,37,110,-6,11000000000
phage14,3,8,5,F_C_evo,37,118,-6,11800000000
phage14,3,8,6,F_C_evo,37,81,-6,8100000000
phage14,3,8,1,F_C_evo,42,63,-5,630000000
phage14,3,8,2,F_C_evo,42,162,-5,1620000000
phage14,3,8,3,F_C_evo,42,110,-5,1100000000
phage14,3,8,4,F_C_evo,42,125,-6,12500000000
phage14,3,8,5,F_C_evo,42,284,-6,28400000000
phage14,3,8,6,F_C_evo,42,239,-5,2390000000
LUZ19,1,0,1,F_evo,37,,,10000
LUZ19,1,0,2,F_evo,37,,,10000
LUZ19,1,0,3,F_evo,37,,,10000
LUZ19,1,0,4,F_evo,37,,,10000
LUZ19,1,0,5,F_evo,37,,,10000
LUZ19,1,0,6,F_evo,37,,,10000
LUZ19,1,0,1,F_evo,42,,,10000
LUZ19,1,0,2,F_evo,42,,,10000
LUZ19,1,0,3,F_evo,42,,,10000
LUZ19,1,0,4,F_evo,42,,,10000
LUZ19,1,0,5,F_evo,42,,,10000
LUZ19,1,0,6,F_evo,42,,,10000
LUZ19,2,0,1,F_evo,37,,,10000
LUZ19,2,0,2,F_evo,37,,,10000
LUZ19,2,0,3,F_evo,37,,,10000
LUZ19,2,0,4,F_evo,37,,,10000
LUZ19,2,0,5,F_evo,37,,,10000
LUZ19,2,0,6,F_evo,37,,,10000
LUZ19,2,0,1,F_evo,42,,,10000
LUZ19,2,0,2,F_evo,42,,,10000
LUZ19,2,0,3,F_evo,42,,,10000
LUZ19,2,0,4,F_evo,42,,,10000
LUZ19,2,0,5,F_evo,42,,,10000
LUZ19,2,0,6,F_evo,42,,,10000
LUZ19,3,0,1,F_evo,37,,,10000
LUZ19,3,0,2,F_evo,37,,,10000
LUZ19,3,0,3,F_evo,37,,,10000
LUZ19,3,0,4,F_evo,37,,,10000
LUZ19,3,0,5,F_evo,37,,,10000
LUZ19,3,0,6,F_evo,37,,,10000
LUZ19,3,0,1,F_evo,42,,,10000
LUZ19,3,0,2,F_evo,42,,,10000
LUZ19,3,0,3,F_evo,42,,,10000
LUZ19,3,0,4,F_evo,42,,,10000
LUZ19,3,0,5,F_evo,42,,,10000
LUZ19,3,0,6,F_evo,42,,,10000
LUZ19,1,2,1,F_evo,37,20,-6,2000000000
LUZ19,1,2,2,F_evo,37,17,-6,1700000000
LUZ19,1,2,3,F_evo,37,22,-6,2200000000
LUZ19,1,2,4,F_evo,37,18,-6,1800000000
LUZ19,1,2,5,F_evo,37,17,-6,1700000000
LUZ19,1,2,6,F_evo,37,20,-6,2000000000
LUZ19,1,2,1,F_evo,42,28,-5,280000000
LUZ19,1,2,2,F_evo,42,38,-5,380000000
LUZ19,1,2,3,F_evo,42,32,-5,320000000
LUZ19,1,2,4,F_evo,42,32,-5,320000000
LUZ19,1,2,5,F_evo,42,46,-5,460000000
LUZ19,1,2,6,F_evo,42,42,-5,420000000
LUZ19,2,2,1,F_evo,37,13,-6,1300000000
LUZ19,2,2,2,F_evo,37,15,-6,1500000000
LUZ19,2,2,3,F_evo,37,16,-6,1600000000
LUZ19,2,2,4,F_evo,37,20,-6,2000000000
LUZ19,2,2,5,F_evo,37,18,-6,1800000000
LUZ19,2,2,6,F_evo,37,14,-6,1400000000
LUZ19,2,2,1,F_evo,42,28,-5,280000000
LUZ19,2,2,2,F_evo,42,31,-5,310000000
LUZ19,2,2,3,F_evo,42,27,-5,270000000
LUZ19,2,2,4,F_evo,42,32,-5,320000000
LUZ19,2,2,5,F_evo,42,27,-5,270000000
LUZ19,2,2,6,F_evo,42,34,-5,340000000
LUZ19,3,2,1,F_evo,37,24,-5,240000000
LUZ19,3,2,2,F_evo,37,28,-5,280000000
LUZ19,3,2,3,F_evo,37,10,-6,1000000000
LUZ19,3,2,4,F_evo,37,12,-6,1200000000
LUZ19,3,2,5,F_evo,37,11,-6,1100000000
LUZ19,3,2,6,F_evo,37,15,-6,1500000000
LUZ19,3,2,1,F_evo,42,32,-5,320000000
LUZ19,3,2,2,F_evo,42,23,-5,230000000
LUZ19,3,2,3,F_evo,42,26,-5,260000000
LUZ19,3,2,4,F_evo,42,27,-5,270000000
LUZ19,3,2,5,F_evo,42,22,-5,220000000
LUZ19,3,2,6,F_evo,42,32,-5,320000000
LUZ19,1,4,1,F_evo,37,17,-7,17000000000
LUZ19,1,4,2,F_evo,37,21,-7,21000000000
LUZ19,1,4,3,F_evo,37,28,-7,28000000000
LUZ19,1,4,4,F_evo,37,23,-7,23000000000
LUZ19,1,4,5,F_evo,37,20,-7,20000000000
LUZ19,1,4,6,F_evo,37,24,-7,24000000000
LUZ19,1,4,1,F_evo,42,10,-7,10000000000
LUZ19,1,4,2,F_evo,42,15,-7,15000000000
LUZ19,1,4,3,F_evo,42,16,-7,16000000000
LUZ19,1,4,4,F_evo,42,12,-7,12000000000
LUZ19,1,4,5,F_evo,42,13,-7,13000000000
LUZ19,1,4,6,F_evo,42,15,-7,15000000000
LUZ19,2,4,1,F_evo,37,31,-7,31000000000
LUZ19,2,4,2,F_evo,37,38,-7,38000000000
LUZ19,2,4,3,F_evo,37,17,-7,17000000000
LUZ19,2,4,4,F_evo,37,20,-7,20000000000
LUZ19,2,4,5,F_evo,37,22,-7,22000000000
LUZ19,2,4,6,F_evo,37,32,-7,32000000000
LUZ19,2,4,1,F_evo,42,16,-7,16000000000
LUZ19,2,4,2,F_evo,42,16,-7,16000000000
LUZ19,2,4,3,F_evo,42,10,-7,10000000000
LUZ19,2,4,4,F_evo,42,15,-7,15000000000
LUZ19,2,4,5,F_evo,42,12,-7,12000000000
LUZ19,2,4,6,F_evo,42,11,-7,11000000000
LUZ19,3,4,1,F_evo,37,20,-7,20000000000
LUZ19,3,4,2,F_evo,37,21,-7,21000000000
LUZ19,3,4,3,F_evo,37,23,-7,23000000000
LUZ19,3,4,4,F_evo,37,25,-7,25000000000
LUZ19,3,4,5,F_evo,37,25,-7,25000000000
LUZ19,3,4,6,F_evo,37,28,-7,28000000000
LUZ19,3,4,1,F_evo,42,21,-6,2100000000
LUZ19,3,4,2,F_evo,42,23,-6,2300000000
LUZ19,3,4,3,F_evo,42,27,-6,2700000000
LUZ19,3,4,4,F_evo,42,28,-6,2800000000
LUZ19,3,4,5,F_evo,42,42,-6,4200000000
LUZ19,3,4,6,F_evo,42,37,-6,3700000000
LUZ19,1,8,1,F_evo,37,23,-8,2.30E+11
LUZ19,1,8,2,F_evo,37,27,-8,2.70E+11
LUZ19,1,8,3,F_evo,37,26,-8,2.60E+11
LUZ19,1,8,4,F_evo,37,27,-8,2.70E+11
LUZ19,1,8,5,F_evo,37,24,-8,2.40E+11
LUZ19,1,8,6,F_evo,37,29,-8,2.90E+11
LUZ19,1,8,1,F_evo,42,16,-8,1.60E+11
LUZ19,1,8,2,F_evo,42,19,-8,1.90E+11
LUZ19,1,8,3,F_evo,42,13,-8,1.30E+11
LUZ19,1,8,4,F_evo,42,31,-8,3.10E+11
LUZ19,1,8,5,F_evo,42,32,-8,3.20E+11
LUZ19,1,8,6,F_evo,42,29,-8,2.90E+11
LUZ19,2,8,1,F_evo,37,28,-8,2.80E+11
LUZ19,2,8,2,F_evo,37,20,-8,2.00E+11
LUZ19,2,8,3,F_evo,37,32,-8,3.20E+11
LUZ19,2,8,4,F_evo,37,23,-8,2.30E+11
LUZ19,2,8,5,F_evo,37,16,-8,1.60E+11
LUZ19,2,8,6,F_evo,37,20,-8,2.00E+11
LUZ19,2,8,1,F_evo,42,23,-8,2.30E+11
LUZ19,2,8,2,F_evo,42,25,-8,2.50E+11
LUZ19,2,8,3,F_evo,42,21,-8,2.10E+11
LUZ19,2,8,4,F_evo,42,21,-8,2.10E+11
LUZ19,2,8,5,F_evo,42,23,-8,2.30E+11
LUZ19,2,8,6,F_evo,42,29,-8,2.90E+11
LUZ19,3,8,1,F_evo,37,33,-8,3.30E+11
LUZ19,3,8,2,F_evo,37,29,-8,2.90E+11
LUZ19,3,8,3,F_evo,37,26,-8,2.60E+11
LUZ19,3,8,4,F_evo,37,21,-8,2.10E+11
LUZ19,3,8,5,F_evo,37,26,-8,2.60E+11
LUZ19,3,8,6,F_evo,37,21,-8,2.10E+11
LUZ19,3,8,1,F_evo,42,32,-8,3.20E+11
LUZ19,3,8,2,F_evo,42,21,-8,2.10E+11
LUZ19,3,8,3,F_evo,42,21,-8,2.10E+11
LUZ19,3,8,4,F_evo,42,15,-8,1.50E+11
LUZ19,3,8,5,F_evo,42,18,-8,1.80E+11
LUZ19,3,8,6,F_evo,42,17,-8,1.70E+11
phage14,1,0,1,F_evo,37,,,10000
phage14,1,0,2,F_evo,37,,,10000
phage14,1,0,3,F_evo,37,,,10000
phage14,1,0,4,F_evo,37,,,10000
phage14,1,0,5,F_evo,37,,,10000
phage14,1,0,6,F_evo,37,,,10000
phage14,1,0,1,F_evo,42,,,10000
phage14,1,0,2,F_evo,42,,,10000
phage14,1,0,3,F_evo,42,,,10000
phage14,1,0,4,F_evo,42,,,10000
phage14,1,0,5,F_evo,42,,,10000
phage14,1,0,6,F_evo,42,,,10000
phage14,1,2,1,F_evo,37,45,-3,4500000
phage14,1,2,2,F_evo,37,55,-2,550000
phage14,1,2,3,F_evo,37,41,-2,410000
phage14,1,2,4,F_evo,37,136,-2,1360000
phage14,1,2,5,F_evo,37,123,-2,1230000
phage14,1,2,6,F_evo,37,122,-2,1220000
phage14,1,2,1,F_evo,42,42,-1,42000
phage14,1,2,2,F_evo,42,3,0,300
phage14,1,2,3,F_evo,42,8,0,800
phage14,1,2,4,F_evo,42,3,0,300
phage14,1,2,5,F_evo,42,2,0,200
phage14,1,2,6,F_evo,42,3,0,300
phage14,1,4,1,F_evo,37,41,-5,410000000
phage14,1,4,2,F_evo,37,50,-5,500000000
phage14,1,4,3,F_evo,37,63,-5,630000000
phage14,1,4,4,F_evo,37,99,-5,990000000
phage14,1,4,5,F_evo,37,100,-5,1000000000
phage14,1,4,6,F_evo,37,79,-5,790000000
phage14,1,4,1,F_evo,42,90,-2,900000
phage14,1,4,2,F_evo,42,106,-2,1060000
phage14,1,4,3,F_evo,42,76,-1,76000
phage14,1,4,4,F_evo,42,124,-1,124000
phage14,1,4,5,F_evo,42,25,-1,25000
phage14,1,4,6,F_evo,42,93,-2,930000
phage14,1,8,1,F_evo,37,89,-6,8900000000
phage14,1,8,2,F_evo,37,91,-6,9100000000
phage14,1,8,3,F_evo,37,126,-6,12600000000
phage14,1,8,4,F_evo,37,124,-6,12400000000
phage14,1,8,5,F_evo,37,112,-6,11200000000
phage14,1,8,6,F_evo,37,148,-6,14800000000
phage14,1,8,1,F_evo,42,140,-6,14000000000
phage14,1,8,2,F_evo,42,113,-6,11300000000
phage14,1,8,3,F_evo,42,132,-5,1320000000
phage14,1,8,4,F_evo,42,99,-6,9900000000
phage14,1,8,5,F_evo,42,78,-5,780000000
phage14,1,8,6,F_evo,42,185,-5,1850000000
phage14,2,0,1,F_evo,37,,,10000
phage14,2,0,2,F_evo,37,,,10000
phage14,2,0,3,F_evo,37,,,10000
phage14,2,0,4,F_evo,37,,,10000
phage14,2,0,5,F_evo,37,,,10000
phage14,2,0,6,F_evo,37,,,10000
phage14,2,0,1,F_evo,42,,,10000
phage14,2,0,2,F_evo,42,,,10000
phage14,2,0,3,F_evo,42,,,10000
phage14,2,0,4,F_evo,42,,,10000
phage14,2,0,5,F_evo,42,,,10000
phage14,2,0,6,F_evo,42,,,10000
phage14,2,4,1,F_evo,37,47,-5,470000000
phage14,2,4,2,F_evo,37,81,-5,810000000
phage14,2,4,3,F_evo,37,30,-5,300000000
phage14,2,4,4,F_evo,37,76,-5,760000000
phage14,2,4,5,F_evo,37,64,-5,640000000
phage14,2,4,6,F_evo,37,36,-5,360000000
phage14,2,4,1,F_evo,42,46,-2,460000
phage14,2,4,2,F_evo,42,61,-2,610000
phage14,2,4,3,F_evo,42,61,-1,61000
phage14,2,4,4,F_evo,42,56,-1,56000
phage14,2,4,5,F_evo,42,57,-1,57000
phage14,2,4,6,F_evo,42,198,-1,198000
phage14,2,8,1,F_evo,37,105,-6,10500000000
phage14,2,8,2,F_evo,37,106,-6,10600000000
phage14,2,8,3,F_evo,37,95,-6,9500000000
phage14,2,8,4,F_evo,37,108,-6,10800000000
phage14,2,8,5,F_evo,37,190,-6,19000000000
phage14,2,8,6,F_evo,37,112,-6,11200000000
phage14,2,8,1,F_evo,42,77,-6,7700000000
phage14,2,8,2,F_evo,42,128,-5,1280000000
phage14,2,8,3,F_evo,42,134,-5,1340000000
phage14,2,8,4,F_evo,42,107,-5,1070000000
phage14,2,8,5,F_evo,42,28,-5,280000000
phage14,2,8,6,F_evo,42,104,-5,1040000000
phage14,3,0,1,F_evo,37,,,10000
phage14,3,0,2,F_evo,37,,,10000
phage14,3,0,3,F_evo,37,,,10000
phage14,3,0,4,F_evo,37,,,10000
phage14,3,0,5,F_evo,37,,,10000
phage14,3,0,6,F_evo,37,,,10000
phage14,3,0,1,F_evo,42,,,10000
phage14,3,0,2,F_evo,42,,,10000
phage14,3,0,3,F_evo,42,,,10000
phage14,3,0,4,F_evo,42,,,10000
phage14,3,0,5,F_evo,42,,,10000
phage14,3,0,6,F_evo,42,,,10000
phage14,3,4,1,F_evo,37,47,-5,470000000
phage14,3,4,2,F_evo,37,76,-5,760000000
phage14,3,4,3,F_evo,37,75,-5,750000000
phage14,3,4,4,F_evo,37,70,-5,700000000
phage14,3,4,5,F_evo,37,49,-5,490000000
phage14,3,4,6,F_evo,37,69,-5,690000000
phage14,3,4,1,F_evo,42,210,-1,210000
phage14,3,4,2,F_evo,42,138,-1,138000
phage14,3,4,3,F_evo,42,73,-1,73000
phage14,3,4,4,F_evo,42,54,-1,54000
phage14,3,4,5,F_evo,42,12,-1,12000
phage14,3,4,6,F_evo,42,80,-1,80000
phage14,3,8,1,F_evo,37,125,-6,12500000000
phage14,3,8,2,F_evo,37,57,-6,5700000000
phage14,3,8,3,F_evo,37,99,-6,9900000000
phage14,3,8,4,F_evo,37,155,-6,15500000000
phage14,3,8,5,F_evo,37,89,-6,8900000000
phage14,3,8,6,F_evo,37,138,-6,13800000000
phage14,3,8,1,F_evo,42,52,-5,520000000
phage14,3,8,2,F_evo,42,66,-5,660000000
phage14,3,8,3,F_evo,42,69,-5,690000000
phage14,3,8,4,F_evo,42,64,-5,640000000
phage14,3,8,5,F_evo,42,9,-5,90000000
phage14,3,8,6,F_evo,42,24,-5,240000000
