Biol_rep,Phage,Rep,Evolved_line,Temperature,Competition,pfu,dil,PFU_ml
1,LUZ19,1,37,37,No_comp,32,-7,32000000000
1,LUZ19,2,37,37,No_comp,27,-7,27000000000
1,LUZ19,3,37,37,No_comp,31,-7,31000000000
1,LUZ19,4,37,37,No_comp,43,-7,43000000000
1,LUZ19,5,37,37,No_comp,31,-7,31000000000
1,LUZ19,6,37,37,No_comp,43,-7,43000000000
1,LUZ19,1,37,37,Comp,26,-5,260000000
1,LUZ19,2,37,37,Comp,20,-5,200000000
1,LUZ19,3,37,37,Comp,27,-5,270000000
1,LUZ19,4,37,37,Comp,27,-5,270000000
1,LUZ19,5,37,37,Comp,26,-5,260000000
1,LUZ19,6,37,37,Comp,26,-5,260000000
1,LUZ19,1,42,37,No_comp,21,-7,21000000000
1,LUZ19,2,42,37,No_comp,22,-7,22000000000
1,LUZ19,3,42,37,No_comp,26,-7,26000000000
1,LUZ19,4,42,37,No_comp,28,-7,28000000000
1,LUZ19,5,42,37,No_comp,26,-7,26000000000
1,LUZ19,6,42,37,No_comp,26,-7,26000000000
1,LUZ19,1,42,37,Comp,14,-5,140000000
1,LUZ19,2,42,37,Comp,23,-5,230000000
1,LUZ19,3,42,37,Comp,21,-5,210000000
1,LUZ19,4,42,37,Comp,20,-5,200000000
1,LUZ19,5,42,37,Comp,26,-5,260000000
1,LUZ19,6,42,37,Comp,27,-5,270000000
1,LUZ19,1,37C,37,No_comp,21,-7,21000000000
1,LUZ19,2,37C,37,No_comp,19,-7,19000000000
1,LUZ19,3,37C,37,No_comp,23,-7,23000000000
1,LUZ19,4,37C,37,No_comp,27,-7,27000000000
1,LUZ19,5,37C,37,No_comp,28,-7,28000000000
1,LUZ19,6,37C,37,No_comp,29,-7,29000000000
1,LUZ19,1,37C,37,Comp,23,-5,230000000
1,LUZ19,2,37C,37,Comp,17,-5,170000000
1,LUZ19,3,37C,37,Comp,22,-5,220000000
1,LUZ19,4,37C,37,Comp,27,-5,270000000
1,LUZ19,5,37C,37,Comp,22,-5,220000000
1,LUZ19,6,37C,37,Comp,23,-5,230000000
1,LUZ19,1,42C,37,No_comp,36,-7,36000000000
1,LUZ19,2,42C,37,No_comp,26,-7,26000000000
1,LUZ19,3,42C,37,No_comp,30,-7,30000000000
1,LUZ19,4,42C,37,No_comp,28,-7,28000000000
1,LUZ19,5,42C,37,No_comp,32,-7,32000000000
1,LUZ19,6,42C,37,No_comp,39,-7,39000000000
1,LUZ19,1,42C,37,Comp,21,-5,210000000
1,LUZ19,2,42C,37,Comp,14,-5,140000000
1,LUZ19,3,42C,37,Comp,20,-5,200000000
1,LUZ19,4,42C,37,Comp,28,-5,280000000
1,LUZ19,5,42C,37,Comp,27,-5,270000000
1,LUZ19,6,42C,37,Comp,33,-5,330000000
1,LUZ19,NA,Ancestor,37,No_comp,7,-7,7000000000
1,LUZ19,NA,Ancestor,37,No_comp,8,-7,8000000000
1,LUZ19,NA,Ancestor,37,No_comp,7,-7,7000000000
1,LUZ19,NA,Ancestor,37,Comp,4,-5,40000000
1,LUZ19,NA,Ancestor,37,Comp,2,-5,20000000
1,LUZ19,NA,Ancestor,37,Comp,4,-5,40000000
1,LUZ19,1,F,37,No_comp,30,-7,30000000000
1,LUZ19,2,F,37,No_comp,28,-7,28000000000
1,LUZ19,3,F,37,No_comp,29,-7,29000000000
1,LUZ19,4,F,37,No_comp,36,-7,36000000000
1,LUZ19,5,F,37,No_comp,36,-7,36000000000
1,LUZ19,6,F,37,No_comp,37,-7,37000000000
1,LUZ19,1,F,37,Comp,22,-5,220000000
1,LUZ19,2,F,37,Comp,28,-5,280000000
1,LUZ19,3,F,37,Comp,38,-5,380000000
1,LUZ19,4,F,37,Comp,31,-5,310000000
1,LUZ19,5,F,37,Comp,27,-5,270000000
1,LUZ19,6,F,37,Comp,29,-5,290000000
1,LUZ19,1,FC,37,No_comp,26,-7,26000000000
1,LUZ19,2,FC,37,No_comp,28,-7,28000000000
1,LUZ19,3,FC,37,No_comp,32,-7,32000000000
1,LUZ19,4,FC,37,No_comp,36,-7,36000000000
1,LUZ19,5,FC,37,No_comp,28,-7,28000000000
1,LUZ19,6,FC,37,No_comp,39,-7,39000000000
1,LUZ19,1,FC,37,Comp,30,-5,300000000
1,LUZ19,2,FC,37,Comp,32,-5,320000000
1,LUZ19,3,FC,37,Comp,33,-5,330000000
1,LUZ19,4,FC,37,Comp,31,-5,310000000
1,LUZ19,5,FC,37,Comp,30,-5,300000000
1,LUZ19,6,FC,37,Comp,29,-5,290000000
1,LUZ19,1,37,42,No_comp,31,-6,3100000000
1,LUZ19,2,37,42,No_comp,29,-6,2900000000
1,LUZ19,3,37,42,No_comp,41,-6,4100000000
1,LUZ19,4,37,42,No_comp,32,-6,3200000000
1,LUZ19,5,37,42,No_comp,37,-6,3700000000
1,LUZ19,6,37,42,No_comp,26,-6,2600000000
1,LUZ19,1,37,42,Comp,33,-5,330000000
1,LUZ19,2,37,42,Comp,32,-5,320000000
1,LUZ19,3,37,42,Comp,32,-5,320000000
1,LUZ19,4,37,42,Comp,38,-5,380000000
1,LUZ19,5,37,42,Comp,28,-5,280000000
1,LUZ19,6,37,42,Comp,8,-5,80000000
1,LUZ19,1,42,42,No_comp,12,-6,1200000000
1,LUZ19,2,42,42,No_comp,14,-6,1400000000
1,LUZ19,3,42,42,No_comp,20,-6,2000000000
1,LUZ19,4,42,42,No_comp,14,-6,1400000000
1,LUZ19,5,42,42,No_comp,19,-6,1900000000
1,LUZ19,6,42,42,No_comp,15,-6,1500000000
1,LUZ19,1,42,42,Comp,12,-5,120000000
1,LUZ19,2,42,42,Comp,17,-5,170000000
1,LUZ19,3,42,42,Comp,16,-5,160000000
1,LUZ19,4,42,42,Comp,14,-5,140000000
1,LUZ19,5,42,42,Comp,17,-5,170000000
1,LUZ19,6,42,42,Comp,16,-5,160000000
1,LUZ19,1,37C,42,No_comp,32,-6,3200000000
1,LUZ19,2,37C,42,No_comp,26,-6,2600000000
1,LUZ19,3,37C,42,No_comp,42,-6,4200000000
1,LUZ19,4,37C,42,No_comp,41,-6,4100000000
1,LUZ19,5,37C,42,No_comp,28,-6,2800000000
1,LUZ19,6,37C,42,No_comp,37,-6,3700000000
1,LUZ19,1,37C,42,Comp,18,-5,180000000
1,LUZ19,2,37C,42,Comp,30,-5,300000000
1,LUZ19,3,37C,42,Comp,29,-5,290000000
1,LUZ19,4,37C,42,Comp,22,-5,220000000
1,LUZ19,5,37C,42,Comp,30,-5,300000000
1,LUZ19,6,37C,42,Comp,15,-5,150000000
1,LUZ19,1,42C,42,No_comp,15,-7,15000000000
1,LUZ19,2,42C,42,No_comp,13,-7,13000000000
1,LUZ19,3,42C,42,No_comp,15,-7,15000000000
1,LUZ19,4,42C,42,No_comp,13,-7,13000000000
1,LUZ19,5,42C,42,No_comp,20,-7,20000000000
1,LUZ19,6,42C,42,No_comp,13,-7,13000000000
1,LUZ19,1,42C,42,Comp,15,-6,1500000000
1,LUZ19,2,42C,42,Comp,22,-6,2200000000
1,LUZ19,3,42C,42,Comp,15,-6,1500000000
1,LUZ19,4,42C,42,Comp,13,-6,1300000000
1,LUZ19,5,42C,42,Comp,14,-6,1400000000
1,LUZ19,6,42C,42,Comp,14,-6,1400000000
1,LUZ19,NA,Ancestor,42,No_comp,3,-7,3000000000
1,LUZ19,NA,Ancestor,42,No_comp,6,-7,6000000000
1,LUZ19,NA,Ancestor,42,No_comp,6,-7,6000000000
1,LUZ19,NA,Ancestor,42,Comp,21,-5,210000000
1,LUZ19,NA,Ancestor,42,Comp,7,-5,70000000
1,LUZ19,NA,Ancestor,42,Comp,7,-5,70000000
1,LUZ19,1,F,42,No_comp,25,-6,2500000000
1,LUZ19,2,F,42,No_comp,21,-6,2100000000
1,LUZ19,3,F,42,No_comp,11,-6,1100000000
1,LUZ19,4,F,42,No_comp,16,-6,1600000000
1,LUZ19,5,F,42,No_comp,10,-6,1000000000
1,LUZ19,6,F,42,No_comp,19,-6,1900000000
1,LUZ19,1,F,42,Comp,12,-5,120000000
1,LUZ19,2,F,42,Comp,19,-5,190000000
1,LUZ19,3,F,42,Comp,22,-5,220000000
1,LUZ19,4,F,42,Comp,15,-5,150000000
1,LUZ19,5,F,42,Comp,22,-5,220000000
1,LUZ19,6,F,42,Comp,17,-5,170000000
1,LUZ19,1,FC,42,No_comp,19,-6,1900000000
1,LUZ19,2,FC,42,No_comp,22,-6,2200000000
1,LUZ19,3,FC,42,No_comp,22,-6,2200000000
1,LUZ19,4,FC,42,No_comp,21,-6,2100000000
1,LUZ19,5,FC,42,No_comp,15,-6,1500000000
1,LUZ19,6,FC,42,No_comp,14,-6,1400000000
1,LUZ19,1,FC,42,Comp,18,-5,180000000
1,LUZ19,2,FC,42,Comp,19,-5,190000000
1,LUZ19,3,FC,42,Comp,20,-5,200000000
1,LUZ19,4,FC,42,Comp,14,-5,140000000
1,LUZ19,5,FC,42,Comp,15,-5,150000000
1,LUZ19,6,FC,42,Comp,16,-5,160000000
2,LUZ19,1,37,37,No_comp,27,-7,27000000000
2,LUZ19,2,37,37,No_comp,31,-7,31000000000
2,LUZ19,3,37,37,No_comp,23,-7,23000000000
2,LUZ19,4,37,37,No_comp,20,-7,20000000000
2,LUZ19,5,37,37,No_comp,29,-7,29000000000
2,LUZ19,6,37,37,No_comp,23,-7,23000000000
2,LUZ19,1,37,37,Comp,16,-5,160000000
2,LUZ19,2,37,37,Comp,17,-5,170000000
2,LUZ19,3,37,37,Comp,16,-5,160000000
2,LUZ19,4,37,37,Comp,23,-5,230000000
2,LUZ19,5,37,37,Comp,15,-5,150000000
2,LUZ19,6,37,37,Comp,19,-5,190000000
2,LUZ19,1,42,37,No_comp,19,-7,19000000000
2,LUZ19,2,42,37,No_comp,26,-7,26000000000
2,LUZ19,3,42,37,No_comp,21,-7,21000000000
2,LUZ19,4,42,37,No_comp,23,-7,23000000000
2,LUZ19,5,42,37,No_comp,19,-7,19000000000
2,LUZ19,6,42,37,No_comp,19,-7,19000000000
2,LUZ19,1,42,37,Comp,17,-5,170000000
2,LUZ19,2,42,37,Comp,23,-5,230000000
2,LUZ19,3,42,37,Comp,10,-5,100000000
2,LUZ19,4,42,37,Comp,21,-5,210000000
2,LUZ19,5,42,37,Comp,17,-5,170000000
2,LUZ19,6,42,37,Comp,20,-5,200000000
2,LUZ19,1,37C,37,No_comp,30,-7,30000000000
2,LUZ19,2,37C,37,No_comp,23,-7,23000000000
2,LUZ19,3,37C,37,No_comp,21,-7,21000000000
2,LUZ19,4,37C,37,No_comp,22,-7,22000000000
2,LUZ19,5,37C,37,No_comp,28,-7,28000000000
2,LUZ19,6,37C,37,No_comp,17,-7,17000000000
2,LUZ19,1,37C,37,Comp,20,-5,200000000
2,LUZ19,2,37C,37,Comp,23,-5,230000000
2,LUZ19,3,37C,37,Comp,28,-5,280000000
2,LUZ19,4,37C,37,Comp,20,-5,200000000
2,LUZ19,5,37C,37,Comp,17,-5,170000000
2,LUZ19,6,37C,37,Comp,18,-5,180000000
2,LUZ19,1,42C,37,No_comp,28,-7,28000000000
2,LUZ19,2,42C,37,No_comp,27,-7,27000000000
2,LUZ19,3,42C,37,No_comp,17,-7,17000000000
2,LUZ19,4,42C,37,No_comp,23,-7,23000000000
2,LUZ19,5,42C,37,No_comp,16,-7,16000000000
2,LUZ19,6,42C,37,No_comp,17,-7,17000000000
2,LUZ19,1,42C,37,Comp,31,-5,310000000
2,LUZ19,2,42C,37,Comp,16,-5,160000000
2,LUZ19,3,42C,37,Comp,17,-5,170000000
2,LUZ19,4,42C,37,Comp,18,-5,180000000
2,LUZ19,5,42C,37,Comp,19,-5,190000000
2,LUZ19,6,42C,37,Comp,19,-5,190000000
2,LUZ19,NA,Ancestor,37,No_comp,8,-7,8000000000
2,LUZ19,NA,Ancestor,37,No_comp,8,-7,8000000000
2,LUZ19,NA,Ancestor,37,No_comp,7,-7,7000000000
2,LUZ19,NA,Ancestor,37,Comp,5,-5,50000000
2,LUZ19,NA,Ancestor,37,Comp,5,-5,50000000
2,LUZ19,NA,Ancestor,37,Comp,3,-5,30000000
2,LUZ19,1,F,37,No_comp,27,-7,27000000000
2,LUZ19,2,F,37,No_comp,26,-7,26000000000
2,LUZ19,3,F,37,No_comp,22,-7,22000000000
2,LUZ19,4,F,37,No_comp,27,-7,27000000000
2,LUZ19,5,F,37,No_comp,19,-7,19000000000
2,LUZ19,6,F,37,No_comp,15,-7,15000000000
2,LUZ19,1,F,37,Comp,22,-5,220000000
2,LUZ19,2,F,37,Comp,20,-5,200000000
2,LUZ19,3,F,37,Comp,23,-5,230000000
2,LUZ19,4,F,37,Comp,19,-5,190000000
2,LUZ19,5,F,37,Comp,21,-5,210000000
2,LUZ19,6,F,37,Comp,16,-5,160000000
2,LUZ19,1,FC,37,No_comp,23,-7,23000000000
2,LUZ19,2,FC,37,No_comp,20,-7,20000000000
2,LUZ19,3,FC,37,No_comp,17,-7,17000000000
2,LUZ19,4,FC,37,No_comp,17,-7,17000000000
2,LUZ19,5,FC,37,No_comp,20,-7,20000000000
2,LUZ19,6,FC,37,No_comp,19,-7,19000000000
2,LUZ19,1,FC,37,Comp,17,-5,170000000
2,LUZ19,2,FC,37,Comp,15,-5,150000000
2,LUZ19,3,FC,37,Comp,15,-5,150000000
2,LUZ19,4,FC,37,Comp,17,-5,170000000
2,LUZ19,5,FC,37,Comp,16,-5,160000000
2,LUZ19,6,FC,37,Comp,17,-5,170000000
2,LUZ19,1,37,42,No_comp,8,-7,8000000000
2,LUZ19,2,37,42,No_comp,4,-7,4000000000
2,LUZ19,3,37,42,No_comp,14,-7,14000000000
2,LUZ19,4,37,42,No_comp,11,-7,11000000000
2,LUZ19,5,37,42,No_comp,14,-7,14000000000
2,LUZ19,6,37,42,No_comp,6,-7,6000000000
2,LUZ19,1,37,42,Comp,13,-5,130000000
2,LUZ19,2,37,42,Comp,7,-5,70000000
2,LUZ19,3,37,42,Comp,14,-5,140000000
2,LUZ19,4,37,42,Comp,11,-5,110000000
2,LUZ19,5,37,42,Comp,12,-5,120000000
2,LUZ19,6,37,42,Comp,13,-5,130000000
2,LUZ19,1,42,42,No_comp,12,-7,12000000000
2,LUZ19,2,42,42,No_comp,13,-7,13000000000
2,LUZ19,3,42,42,No_comp,11,-7,11000000000
2,LUZ19,4,42,42,No_comp,11,-7,11000000000
2,LUZ19,5,42,42,No_comp,9,-7,9000000000
2,LUZ19,6,42,42,No_comp,13,-7,13000000000
2,LUZ19,1,42,42,Comp,19,-5,190000000
2,LUZ19,2,42,42,Comp,15,-5,150000000
2,LUZ19,3,42,42,Comp,17,-5,170000000
2,LUZ19,4,42,42,Comp,27,-5,270000000
2,LUZ19,5,42,42,Comp,20,-5,200000000
2,LUZ19,6,42,42,Comp,19,-5,190000000
2,LUZ19,1,37C,42,No_comp,11,-7,11000000000
2,LUZ19,2,37C,42,No_comp,11,-7,11000000000
2,LUZ19,3,37C,42,No_comp,14,-7,14000000000
2,LUZ19,4,37C,42,No_comp,12,-7,12000000000
2,LUZ19,5,37C,42,No_comp,8,-7,8000000000
2,LUZ19,6,37C,42,No_comp,8,-7,8000000000
2,LUZ19,1,37C,42,Comp,14,-5,140000000
2,LUZ19,2,37C,42,Comp,15,-5,150000000
2,LUZ19,3,37C,42,Comp,15,-5,150000000
2,LUZ19,4,37C,42,Comp,14,-5,140000000
2,LUZ19,5,37C,42,Comp,14,-5,140000000
2,LUZ19,6,37C,42,Comp,15,-5,150000000
2,LUZ19,1,42C,42,No_comp,11,-7,11000000000
2,LUZ19,2,42C,42,No_comp,10,-7,10000000000
2,LUZ19,3,42C,42,No_comp,16,-7,16000000000
2,LUZ19,4,42C,42,No_comp,9,-7,9000000000
2,LUZ19,5,42C,42,No_comp,14,-7,14000000000
2,LUZ19,6,42C,42,No_comp,10,-7,10000000000
2,LUZ19,1,42C,42,Comp,13,-5,130000000
2,LUZ19,2,42C,42,Comp,19,-5,190000000
2,LUZ19,3,42C,42,Comp,18,-5,180000000
2,LUZ19,4,42C,42,Comp,16,-5,160000000
2,LUZ19,5,42C,42,Comp,17,-5,170000000
2,LUZ19,6,42C,42,Comp,14,-5,140000000
2,LUZ19,NA,Ancestor,42,No_comp,7,-7,7000000000
2,LUZ19,NA,Ancestor,42,No_comp,6,-7,6000000000
2,LUZ19,NA,Ancestor,42,No_comp,6,-7,6000000000
2,LUZ19,NA,Ancestor,42,Comp,15,-5,150000000
2,LUZ19,NA,Ancestor,42,Comp,8,-5,80000000
2,LUZ19,NA,Ancestor,42,Comp,10,-5,100000000
2,LUZ19,1,F,42,No_comp,19,-7,19000000000
2,LUZ19,2,F,42,No_comp,17,-7,17000000000
2,LUZ19,3,F,42,No_comp,14,-7,14000000000
2,LUZ19,4,F,42,No_comp,15,-7,15000000000
2,LUZ19,5,F,42,No_comp,8,-7,8000000000
2,LUZ19,6,F,42,No_comp,8,-7,8000000000
2,LUZ19,1,F,42,Comp,18,-5,180000000
2,LUZ19,2,F,42,Comp,11,-5,110000000
2,LUZ19,3,F,42,Comp,11,-5,110000000
2,LUZ19,4,F,42,Comp,9,-5,90000000
2,LUZ19,5,F,42,Comp,10,-5,100000000
2,LUZ19,6,F,42,Comp,11,-5,110000000
2,LUZ19,1,FC,42,No_comp,9,-7,9000000000
2,LUZ19,2,FC,42,No_comp,15,-7,15000000000
2,LUZ19,3,FC,42,No_comp,18,-7,18000000000
2,LUZ19,4,FC,42,No_comp,9,-7,9000000000
2,LUZ19,5,FC,42,No_comp,11,-7,11000000000
2,LUZ19,6,FC,42,No_comp,6,-7,6000000000
2,LUZ19,1,FC,42,Comp,27,-5,270000000
2,LUZ19,2,FC,42,Comp,33,-5,330000000
2,LUZ19,3,FC,42,Comp,15,-5,150000000
2,LUZ19,4,FC,42,Comp,13,-5,130000000
2,LUZ19,5,FC,42,Comp,18,-5,180000000
2,LUZ19,6,FC,42,Comp,14,-5,140000000
3,LUZ19,1,37,37,No_comp,21,-7,21000000000
3,LUZ19,2,37,37,No_comp,22,-7,22000000000
3,LUZ19,3,37,37,No_comp,32,-7,32000000000
3,LUZ19,4,37,37,No_comp,28,-7,28000000000
3,LUZ19,5,37,37,No_comp,27,-7,27000000000
3,LUZ19,6,37,37,No_comp,31,-7,31000000000
3,LUZ19,1,37,37,Comp,16,-5,160000000
3,LUZ19,2,37,37,Comp,20,-5,200000000
3,LUZ19,3,37,37,Comp,19,-5,190000000
3,LUZ19,4,37,37,Comp,22,-5,220000000
3,LUZ19,5,37,37,Comp,21,-5,210000000
3,LUZ19,6,37,37,Comp,16,-5,160000000
3,LUZ19,1,42,37,No_comp,25,-7,25000000000
3,LUZ19,2,42,37,No_comp,34,-7,34000000000
3,LUZ19,3,42,37,No_comp,25,-7,25000000000
3,LUZ19,4,42,37,No_comp,26,-7,26000000000
3,LUZ19,5,42,37,No_comp,22,-7,22000000000
3,LUZ19,6,42,37,No_comp,26,-7,26000000000
3,LUZ19,1,42,37,Comp,14,-5,140000000
3,LUZ19,2,42,37,Comp,27,-5,270000000
3,LUZ19,3,42,37,Comp,27,-5,270000000
3,LUZ19,4,42,37,Comp,22,-5,220000000
3,LUZ19,5,42,37,Comp,23,-5,230000000
3,LUZ19,6,42,37,Comp,19,-5,190000000
3,LUZ19,1,37C,37,No_comp,8,-7,8000000000
3,LUZ19,2,37C,37,No_comp,7,-7,7000000000
3,LUZ19,3,37C,37,No_comp,10,-7,10000000000
3,LUZ19,4,37C,37,No_comp,14,-7,14000000000
3,LUZ19,5,37C,37,No_comp,3,-7,3000000000
3,LUZ19,6,37C,37,No_comp,14,-7,14000000000
3,LUZ19,1,37C,37,Comp,9,-5,90000000
3,LUZ19,2,37C,37,Comp,13,-5,130000000
3,LUZ19,3,37C,37,Comp,18,-5,180000000
3,LUZ19,4,37C,37,Comp,11,-5,110000000
3,LUZ19,5,37C,37,Comp,13,-5,130000000
3,LUZ19,6,37C,37,Comp,11,-5,110000000
3,LUZ19,1,42C,37,No_comp,25,-7,25000000000
3,LUZ19,2,42C,37,No_comp,20,-7,20000000000
3,LUZ19,3,42C,37,No_comp,28,-7,28000000000
3,LUZ19,4,42C,37,No_comp,26,-7,26000000000
3,LUZ19,5,42C,37,No_comp,19,-7,19000000000
3,LUZ19,6,42C,37,No_comp,23,-7,23000000000
3,LUZ19,1,42C,37,Comp,24,-5,240000000
3,LUZ19,2,42C,37,Comp,22,-5,220000000
3,LUZ19,3,42C,37,Comp,28,-5,280000000
3,LUZ19,4,42C,37,Comp,17,-5,170000000
3,LUZ19,5,42C,37,Comp,13,-5,130000000
3,LUZ19,6,42C,37,Comp,16,-5,160000000
3,LUZ19,NA,Ancestor,37,No_comp,26,-7,26000000000
3,LUZ19,NA,Ancestor,37,No_comp,21,-7,21000000000
3,LUZ19,NA,Ancestor,37,No_comp,21,-7,21000000000
3,LUZ19,NA,Ancestor,37,Comp,14,-5,140000000
3,LUZ19,NA,Ancestor,37,Comp,16,-5,160000000
3,LUZ19,NA,Ancestor,37,Comp,20,-5,200000000
3,LUZ19,1,F,37,No_comp,24,-7,24000000000
3,LUZ19,2,F,37,No_comp,27,-7,27000000000
3,LUZ19,3,F,37,No_comp,29,-7,29000000000
3,LUZ19,4,F,37,No_comp,22,-7,22000000000
3,LUZ19,5,F,37,No_comp,30,-7,30000000000
3,LUZ19,6,F,37,No_comp,31,-7,31000000000
3,LUZ19,1,F,37,Comp,19,-5,190000000
3,LUZ19,2,F,37,Comp,21,-5,210000000
3,LUZ19,3,F,37,Comp,27,-5,270000000
3,LUZ19,4,F,37,Comp,24,-5,240000000
3,LUZ19,5,F,37,Comp,28,-5,280000000
3,LUZ19,6,F,37,Comp,28,-5,280000000
3,LUZ19,1,FC,37,No_comp,31,-7,31000000000
3,LUZ19,2,FC,37,No_comp,27,-7,27000000000
3,LUZ19,3,FC,37,No_comp,31,-7,31000000000
3,LUZ19,4,FC,37,No_comp,33,-7,33000000000
3,LUZ19,5,FC,37,No_comp,30,-7,30000000000
3,LUZ19,6,FC,37,No_comp,32,-7,32000000000
3,LUZ19,1,FC,37,Comp,21,-5,210000000
3,LUZ19,2,FC,37,Comp,20,-5,200000000
3,LUZ19,3,FC,37,Comp,21,-5,210000000
3,LUZ19,4,FC,37,Comp,21,-5,210000000
3,LUZ19,5,FC,37,Comp,17,-5,170000000
3,LUZ19,6,FC,37,Comp,22,-5,220000000
3,LUZ19,1,37,42,No_comp,8,-7,8000000000
3,LUZ19,2,37,42,No_comp,6,-7,6000000000
3,LUZ19,3,37,42,No_comp,15,-7,15000000000
3,LUZ19,4,37,42,No_comp,22,-7,22000000000
3,LUZ19,5,37,42,No_comp,18,-7,18000000000
3,LUZ19,6,37,42,No_comp,11,-7,11000000000
3,LUZ19,1,37,42,Comp,13,-6,1300000000
3,LUZ19,2,37,42,Comp,10,-6,1000000000
3,LUZ19,3,37,42,Comp,17,-6,1700000000
3,LUZ19,4,37,42,Comp,13,-6,1300000000
3,LUZ19,5,37,42,Comp,15,-6,1500000000
3,LUZ19,6,37,42,Comp,12,-6,1200000000
3,LUZ19,1,42,42,No_comp,15,-7,15000000000
3,LUZ19,2,42,42,No_comp,14,-7,14000000000
3,LUZ19,3,42,42,No_comp,15,-7,15000000000
3,LUZ19,4,42,42,No_comp,16,-7,16000000000
3,LUZ19,5,42,42,No_comp,11,-7,11000000000
3,LUZ19,6,42,42,No_comp,12,-7,12000000000
3,LUZ19,1,42,42,Comp,17,-6,1700000000
3,LUZ19,2,42,42,Comp,16,-6,1600000000
3,LUZ19,3,42,42,Comp,16,-6,1600000000
3,LUZ19,4,42,42,Comp,10,-6,1000000000
3,LUZ19,5,42,42,Comp,15,-6,1500000000
3,LUZ19,6,42,42,Comp,6,-6,600000000
3,LUZ19,1,37C,42,No_comp,14,-7,14000000000
3,LUZ19,2,37C,42,No_comp,19,-7,19000000000
3,LUZ19,3,37C,42,No_comp,20,-7,20000000000
3,LUZ19,4,37C,42,No_comp,16,-7,16000000000
3,LUZ19,5,37C,42,No_comp,12,-7,12000000000
3,LUZ19,6,37C,42,No_comp,14,-7,14000000000
3,LUZ19,1,37C,42,Comp,21,-6,2100000000
3,LUZ19,2,37C,42,Comp,22,-6,2200000000
3,LUZ19,3,37C,42,Comp,21,-6,2100000000
3,LUZ19,4,37C,42,Comp,13,-6,1300000000
3,LUZ19,5,37C,42,Comp,10,-6,1000000000
3,LUZ19,6,37C,42,Comp,10,-6,1000000000
3,LUZ19,1,42C,42,No_comp,18,-7,18000000000
3,LUZ19,2,42C,42,No_comp,21,-7,21000000000
3,LUZ19,3,42C,42,No_comp,22,-7,22000000000
3,LUZ19,4,42C,42,No_comp,21,-7,21000000000
3,LUZ19,5,42C,42,No_comp,20,-7,20000000000
3,LUZ19,6,42C,42,No_comp,15,-7,15000000000
3,LUZ19,1,42C,42,Comp,14,-6,1400000000
3,LUZ19,2,42C,42,Comp,17,-6,1700000000
3,LUZ19,3,42C,42,Comp,17,-6,1700000000
3,LUZ19,4,42C,42,Comp,18,-6,1800000000
3,LUZ19,5,42C,42,Comp,20,-6,2000000000
3,LUZ19,6,42C,42,Comp,21,-6,2100000000
3,LUZ19,NA,Ancestor,42,No_comp,20,-7,20000000000
3,LUZ19,NA,Ancestor,42,No_comp,14,-7,14000000000
3,LUZ19,NA,Ancestor,42,No_comp,16,-7,16000000000
3,LUZ19,NA,Ancestor,42,Comp,20,-6,2000000000
3,LUZ19,NA,Ancestor,42,Comp,16,-6,1600000000
3,LUZ19,NA,Ancestor,42,Comp,14,-6,1400000000
3,LUZ19,1,F,42,No_comp,19,-7,19000000000
3,LUZ19,2,F,42,No_comp,21,-7,21000000000
3,LUZ19,3,F,42,No_comp,19,-7,19000000000
3,LUZ19,4,F,42,No_comp,17,-7,17000000000
3,LUZ19,5,F,42,No_comp,17,-7,17000000000
3,LUZ19,6,F,42,No_comp,19,-7,19000000000
3,LUZ19,1,F,42,Comp,14,-6,1400000000
3,LUZ19,2,F,42,Comp,16,-6,1600000000
3,LUZ19,3,F,42,Comp,17,-6,1700000000
3,LUZ19,4,F,42,Comp,11,-6,1100000000
3,LUZ19,5,F,42,Comp,11,-6,1100000000
3,LUZ19,6,F,42,Comp,7,-6,700000000
3,LUZ19,1,FC,42,No_comp,21,-7,21000000000
3,LUZ19,2,FC,42,No_comp,19,-7,19000000000
3,LUZ19,3,FC,42,No_comp,17,-7,17000000000
3,LUZ19,4,FC,42,No_comp,25,-7,25000000000
3,LUZ19,5,FC,42,No_comp,17,-7,17000000000
3,LUZ19,6,FC,42,No_comp,15,-7,15000000000
3,LUZ19,1,FC,42,Comp,18,-6,1800000000
3,LUZ19,2,FC,42,Comp,21,-6,2100000000
3,LUZ19,3,FC,42,Comp,12,-6,1200000000
3,LUZ19,4,FC,42,Comp,19,-6,1900000000
3,LUZ19,5,FC,42,Comp,15,-6,1500000000
3,LUZ19,6,FC,42,Comp,14,-6,1400000000
1,14_1,1,37,37,Comp,78,-4,78000000
1,14_1,2,37,37,Comp,72,-4,72000000
1,14_1,3,37,37,Comp,89,-4,89000000
1,14_1,4,37,37,Comp,73,-4,73000000
1,14_1,5,37,37,Comp,97,-4,97000000
1,14_1,6,37,37,Comp,99,-4,99000000
1,14_1,1,42,37,Comp,76,-4,76000000
1,14_1,2,42,37,Comp,68,-4,68000000
1,14_1,3,42,37,Comp,66,-4,66000000
1,14_1,4,42,37,Comp,49,-4,49000000
1,14_1,5,42,37,Comp,64,-4,64000000
1,14_1,6,42,37,Comp,56,-4,56000000
1,14_1,1,37C,37,Comp,68,-4,68000000
1,14_1,2,37C,37,Comp,46,-4,46000000
1,14_1,3,37C,37,Comp,36,-4,36000000
1,14_1,4,37C,37,Comp,64,-4,64000000
1,14_1,5,37C,37,Comp,41,-4,41000000
1,14_1,6,37C,37,Comp,36,-4,36000000
1,14_1,1,42C,37,Comp,72,-4,72000000
1,14_1,2,42C,37,Comp,53,-4,53000000
1,14_1,3,42C,37,Comp,51,-4,51000000
1,14_1,4,42C,37,Comp,42,-4,42000000
1,14_1,5,42C,37,Comp,50,-4,50000000
1,14_1,6,42C,37,Comp,56,-4,56000000
1,14_1,NA,Ancestor,37,No_comp,66,-5,660000000
1,14_1,NA,Ancestor,37,No_comp,46,-5,460000000
1,14_1,NA,Ancestor,37,No_comp,36,-5,360000000
1,14_1,NA,Ancestor,37,Comp,39,-4,39000000
1,14_1,NA,Ancestor,37,Comp,32,-4,32000000
1,14_1,NA,Ancestor,37,Comp,42,-4,42000000
1,14_1,1,F,37,Comp,50,-4,50000000
1,14_1,2,F,37,Comp,21,-4,21000000
1,14_1,3,F,37,Comp,61,-4,61000000
1,14_1,4,F,37,Comp,51,-4,51000000
1,14_1,5,F,37,Comp,50,-4,50000000
1,14_1,6,F,37,Comp,38,-4,38000000
1,14_1,1,FC,37,Comp,68,-4,68000000
1,14_1,2,FC,37,Comp,77,-4,77000000
1,14_1,3,FC,37,Comp,77,-4,77000000
1,14_1,4,FC,37,Comp,79,-4,79000000
1,14_1,5,FC,37,Comp,66,-4,66000000
1,14_1,6,FC,37,Comp,61,-4,61000000
1,14_1,1,37,42,Comp,30,-3,3000000
1,14_1,2,37,42,Comp,21,-3,2100000
1,14_1,3,37,42,Comp,42,-3,4200000
1,14_1,4,37,42,Comp,36,-3,3600000
1,14_1,5,37,42,Comp,30,-3,3000000
1,14_1,6,37,42,Comp,28,-3,2800000
1,14_1,1,42,42,Comp,19,-3,1900000
1,14_1,2,42,42,Comp,17,-3,1700000
1,14_1,3,42,42,Comp,20,-3,2000000
1,14_1,4,42,42,Comp,17,-3,1700000
1,14_1,5,42,42,Comp,27,-3,2700000
1,14_1,6,42,42,Comp,16,-3,1600000
1,14_1,1,37C,42,Comp,31,-3,3100000
1,14_1,2,37C,42,Comp,21,-3,2100000
1,14_1,3,37C,42,Comp,28,-3,2800000
1,14_1,4,37C,42,Comp,39,-3,3900000
1,14_1,5,37C,42,Comp,37,-3,3700000
1,14_1,6,37C,42,Comp,33,-3,3300000
1,14_1,1,42C,42,Comp,32,-3,3200000
1,14_1,2,42C,42,Comp,38,-3,3800000
1,14_1,3,42C,42,Comp,42,-3,4200000
1,14_1,4,42C,42,Comp,29,-3,2900000
1,14_1,5,42C,42,Comp,43,-3,4300000
1,14_1,6,42C,42,Comp,21,-3,2100000
1,14_1,NA,Ancestor,42,No_comp,28,-3,2800000
1,14_1,NA,Ancestor,42,No_comp,26,-3,2600000
1,14_1,NA,Ancestor,42,No_comp,33,-3,3300000
1,14_1,NA,Ancestor,42,Comp,17,-3,1700000
1,14_1,NA,Ancestor,42,Comp,13,-3,1300000
1,14_1,NA,Ancestor,42,Comp,15,-3,1500000
1,14_1,1,F,42,Comp,10,-3,1000000
1,14_1,2,F,42,Comp,16,-3,1600000
1,14_1,3,F,42,Comp,23,-3,2300000
1,14_1,4,F,42,Comp,12,-3,1200000
1,14_1,5,F,42,Comp,14,-3,1400000
1,14_1,6,F,42,Comp,24,-3,2400000
1,14_1,1,FC,42,Comp,29,-3,2900000
1,14_1,2,FC,42,Comp,36,-3,3600000
1,14_1,3,FC,42,Comp,28,-3,2800000
1,14_1,4,FC,42,Comp,22,-3,2200000
1,14_1,5,FC,42,Comp,23,-3,2300000
1,14_1,6,FC,42,Comp,20,-3,2000000
2,14_1,1,37,37,Comp,52,-4,52000000
2,14_1,2,37,37,Comp,4,-4,4000000
2,14_1,3,37,37,Comp,43,-4,43000000
2,14_1,4,37,37,Comp,49,-4,49000000
2,14_1,5,37,37,Comp,52,-4,52000000
2,14_1,6,37,37,Comp,52,-4,52000000
2,14_1,1,42,37,Comp,36,-4,36000000
2,14_1,2,42,37,Comp,41,-4,41000000
2,14_1,3,42,37,Comp,51,-4,51000000
2,14_1,4,42,37,Comp,42,-4,42000000
2,14_1,5,42,37,Comp,36,-4,36000000
2,14_1,6,42,37,Comp,44,-4,44000000
2,14_1,1,37C,37,Comp,29,-4,29000000
2,14_1,2,37C,37,Comp,31,-4,31000000
2,14_1,3,37C,37,Comp,21,-4,21000000
2,14_1,4,37C,37,Comp,37,-4,37000000
2,14_1,5,37C,37,Comp,23,-4,23000000
2,14_1,6,37C,37,Comp,33,-4,33000000
2,14_1,1,42C,37,Comp,59,-4,59000000
2,14_1,2,42C,37,Comp,39,-4,39000000
2,14_1,3,42C,37,Comp,42,-4,42000000
2,14_1,4,42C,37,Comp,24,-4,24000000
2,14_1,5,42C,37,Comp,37,-4,37000000
2,14_1,6,42C,37,Comp,46,-4,46000000
2,14_1,NA,Ancestor,37,No_comp,27,-5,270000000
2,14_1,NA,Ancestor,37,No_comp,61,-5,610000000
2,14_1,NA,Ancestor,37,No_comp,51,-5,510000000
2,14_1,NA,Ancestor,37,Comp,48,-4,48000000
2,14_1,NA,Ancestor,37,Comp,53,-4,53000000
2,14_1,NA,Ancestor,37,Comp,26,-4,26000000
2,14_1,1,F,37,Comp,42,-4,42000000
2,14_1,2,F,37,Comp,30,-4,30000000
2,14_1,3,F,37,Comp,49,-4,49000000
2,14_1,4,F,37,Comp,41,-4,41000000
2,14_1,5,F,37,Comp,42,-4,42000000
2,14_1,6,F,37,Comp,27,-4,27000000
2,14_1,1,FC,37,Comp,54,-4,54000000
2,14_1,2,FC,37,Comp,63,-4,63000000
2,14_1,3,FC,37,Comp,47,-4,47000000
2,14_1,4,FC,37,Comp,46,-4,46000000
2,14_1,5,FC,37,Comp,53,-4,53000000
2,14_1,6,FC,37,Comp,54,-4,54000000
2,14_1,1,37,42,Comp,32,-3,3200000
2,14_1,2,37,42,Comp,28,-3,2800000
2,14_1,3,37,42,Comp,29,-3,2900000
2,14_1,4,37,42,Comp,37,-3,3700000
2,14_1,5,37,42,Comp,26,-3,2600000
2,14_1,6,37,42,Comp,30,-3,3000000
2,14_1,1,42,42,Comp,32,-3,3200000
2,14_1,2,42,42,Comp,34,-3,3400000
2,14_1,3,42,42,Comp,36,-3,3600000
2,14_1,4,42,42,Comp,29,-3,2900000
2,14_1,5,42,42,Comp,27,-3,2700000
2,14_1,6,42,42,Comp,26,-3,2600000
2,14_1,1,37C,42,Comp,23,-3,2300000
2,14_1,2,37C,42,Comp,23,-3,2300000
2,14_1,3,37C,42,Comp,29,-3,2900000
2,14_1,4,37C,42,Comp,32,-3,3200000
2,14_1,5,37C,42,Comp,27,-3,2700000
2,14_1,6,37C,42,Comp,28,-3,2800000
2,14_1,1,42C,42,Comp,27,-3,2700000
2,14_1,2,42C,42,Comp,35,-3,3500000
2,14_1,3,42C,42,Comp,30,-3,3000000
2,14_1,4,42C,42,Comp,32,-3,3200000
2,14_1,5,42C,42,Comp,39,-3,3900000
2,14_1,6,42C,42,Comp,37,-3,3700000
2,14_1,NA,Ancestor,42,No_comp,52,-3,5200000
2,14_1,NA,Ancestor,42,No_comp,39,-3,3900000
2,14_1,NA,Ancestor,42,No_comp,61,-3,6100000
2,14_1,NA,Ancestor,42,Comp,25,-3,2500000
2,14_1,NA,Ancestor,42,Comp,25,-3,2500000
2,14_1,NA,Ancestor,42,Comp,23,-3,2300000
2,14_1,1,F,42,Comp,23,-3,2300000
2,14_1,2,F,42,Comp,30,-3,3000000
2,14_1,3,F,42,Comp,31,-3,3100000
2,14_1,4,F,42,Comp,38,-3,3800000
2,14_1,5,F,42,Comp,32,-3,3200000
2,14_1,6,F,42,Comp,24,-3,2400000
2,14_1,1,FC,42,Comp,23,-3,2300000
2,14_1,2,FC,42,Comp,28,-3,2800000
2,14_1,3,FC,42,Comp,26,-3,2600000
2,14_1,4,FC,42,Comp,23,-3,2300000
2,14_1,5,FC,42,Comp,27,-3,2700000
2,14_1,6,FC,42,Comp,26,-3,2600000
3,14_1,1,37,37,Comp,70,-4,70000000
3,14_1,2,37,37,Comp,99,-4,99000000
3,14_1,3,37,37,Comp,74,-4,74000000
3,14_1,4,37,37,Comp,78,-4,78000000
3,14_1,5,37,37,Comp,59,-4,59000000
3,14_1,6,37,37,Comp,72,-4,72000000
3,14_1,1,42,37,Comp,73,-4,73000000
3,14_1,2,42,37,Comp,71,-4,71000000
3,14_1,3,42,37,Comp,80,-4,80000000
3,14_1,4,42,37,Comp,63,-4,63000000
3,14_1,5,42,37,Comp,61,-4,61000000
3,14_1,6,42,37,Comp,64,-4,64000000
3,14_1,1,37C,37,Comp,20,-4,20000000
3,14_1,2,37C,37,Comp,14,-4,14000000
3,14_1,3,37C,37,Comp,19,-4,19000000
3,14_1,4,37C,37,Comp,23,-4,23000000
3,14_1,5,37C,37,Comp,20,-4,20000000
3,14_1,6,37C,37,Comp,24,-4,24000000
3,14_1,1,42C,37,Comp,83,-4,83000000
3,14_1,2,42C,37,Comp,76,-4,76000000
3,14_1,3,42C,37,Comp,90,-4,90000000
3,14_1,4,42C,37,Comp,54,-4,54000000
3,14_1,5,42C,37,Comp,53,-4,53000000
3,14_1,6,42C,37,Comp,54,-4,54000000
3,14_1,NA,Ancestor,37,No_comp,31,-5,310000000
3,14_1,NA,Ancestor,37,No_comp,31,-5,310000000
3,14_1,NA,Ancestor,37,No_comp,41,-5,410000000
3,14_1,NA,Ancestor,37,Comp,116,-4,116000000
3,14_1,NA,Ancestor,37,Comp,96,-4,96000000
3,14_1,NA,Ancestor,37,Comp,99,-4,99000000
3,14_1,1,F,37,Comp,62,-4,62000000
3,14_1,2,F,37,Comp,50,-4,50000000
3,14_1,3,F,37,Comp,63,-4,63000000
3,14_1,4,F,37,Comp,57,-4,57000000
3,14_1,5,F,37,Comp,52,-4,52000000
3,14_1,6,F,37,Comp,33,-4,33000000
3,14_1,1,FC,37,Comp,75,-4,75000000
3,14_1,2,FC,37,Comp,87,-4,87000000
3,14_1,3,FC,37,Comp,87,-4,87000000
3,14_1,4,FC,37,Comp,57,-4,57000000
3,14_1,5,FC,37,Comp,69,-4,69000000
3,14_1,6,FC,37,Comp,76,-4,76000000
3,14_1,1,37,42,Comp,35,-3,3500000
3,14_1,2,37,42,Comp,39,-3,3900000
3,14_1,3,37,42,Comp,43,-3,4300000
3,14_1,4,37,42,Comp,33,-3,3300000
3,14_1,5,37,42,Comp,33,-3,3300000
3,14_1,6,37,42,Comp,37,-3,3700000
3,14_1,1,42,42,Comp,34,-3,3400000
3,14_1,2,42,42,Comp,39,-3,3900000
3,14_1,3,42,42,Comp,38,-3,3800000
3,14_1,4,42,42,Comp,34,-3,3400000
3,14_1,5,42,42,Comp,33,-3,3300000
3,14_1,6,42,42,Comp,37,-3,3700000
3,14_1,1,37C,42,Comp,26,-3,2600000
3,14_1,2,37C,42,Comp,39,-3,3900000
3,14_1,3,37C,42,Comp,26,-3,2600000
3,14_1,4,37C,42,Comp,42,-3,4200000
3,14_1,5,37C,42,Comp,30,-3,3000000
3,14_1,6,37C,42,Comp,27,-3,2700000
3,14_1,1,42C,42,Comp,42,-3,4200000
3,14_1,2,42C,42,Comp,42,-3,4200000
3,14_1,3,42C,42,Comp,39,-3,3900000
3,14_1,4,42C,42,Comp,42,-3,4200000
3,14_1,5,42C,42,Comp,42,-3,4200000
3,14_1,6,42C,42,Comp,37,-3,3700000
3,14_1,NA,Ancestor,42,No_comp,26,-3,2600000
3,14_1,NA,Ancestor,42,No_comp,26,-3,2600000
3,14_1,NA,Ancestor,42,No_comp,22,-3,2200000
3,14_1,NA,Ancestor,42,Comp,43,-3,4300000
3,14_1,NA,Ancestor,42,Comp,40,-3,4000000
3,14_1,NA,Ancestor,42,Comp,44,-3,4400000
3,14_1,1,F,42,Comp,34,-3,3400000
3,14_1,2,F,42,Comp,42,-3,4200000
3,14_1,3,F,42,Comp,43,-3,4300000
3,14_1,4,F,42,Comp,36,-3,3600000
3,14_1,5,F,42,Comp,34,-3,3400000
3,14_1,6,F,42,Comp,37,-3,3700000
3,14_1,1,FC,42,Comp,29,-3,2900000
3,14_1,2,FC,42,Comp,30,-3,3000000
3,14_1,3,FC,42,Comp,29,-3,2900000
3,14_1,4,FC,42,Comp,34,-3,3400000
3,14_1,5,FC,42,Comp,52,-3,5200000
3,14_1,6,FC,42,Comp,42,-3,4200000
